city,address,area,floor,name,price,province,rooms,toward,unit,year,origin_url
合肥,瑶海区长江东路188号,89.5㎡,中层/18层,保利东郡,125万,安徽,3室2厅,南北通透,13966元/㎡,2015,https://hf.lianjia.com/ershoufang/100001.html
合肥,蜀山区望江西路,110㎡,高层/33层,拓基城市广场,160万,安徽,3室2厅,朝南,14545元/㎡,2010,https://hf.lianjia.com/ershoufang/100002.html
合肥,包河区马鞍山路,78㎡,低层/6层,金地国际城,102万,安徽,2室1厅,朝东,13077元/㎡,,https://hf.lianjia.com/ershoufang/100003.html
合肥,庐阳区北一环,122㎡,中层/24层,财富广场,190万,安徽,3室2厅,南北通透,15574元/㎡,2012,https://hf.lianjia.com/ershoufang/100004.html
合肥,新站区铜陵北路,,中层/18层,家天下,98万,安徽,2室2厅,朝北,12250元/㎡,2009,https://hf.lianjia.com/ershoufang/100005.html
合肥,高新区创新大道,130㎡,高层/30层,祥源城,218万,安徽,4室2厅,朝南,16769元/㎡,2016,https://hf.lianjia.com/ershoufang/100006.html
合肥,经开区繁华大道,94㎡,低层/11层,中环云邸,140万,安徽,3室1厅,朝西,14894元/㎡,2011,https://hf.lianjia.com/ershoufang/100007.html
合肥,蜀山区潜山路,106㎡,中层/28层,华润幸福里,175万,安徽,3室2厅,南北通透,16509元/㎡,2014,https://hf.lianjia.com/ershoufang/100008.html
合肥,包河区徽州大道,113㎡,,望湖城,180万,安徽,3室2厅,朝南,15929元/㎡,2007,https://hf.lianjia.com/ershoufang/100009.html
合肥,庐阳区阜阳北路,69㎡,低层/6层,和煦园,88万,安徽,2室1厅,朝东,12754元/㎡,2005,https://hf.lianjia.com/ershoufang/100010.html
合肥,瑶海区明光路,91㎡,中层/24层,恒大城,135万,安徽,3室1厅,朝南,14835元/㎡,2013,https://hf.lianjia.com/ershoufang/100011.html
合肥,高新区习友路,126㎡,高层/30层,保利梧桐语,205万,安徽,4室2厅,南北通透,16270元/㎡,2015,https://hf.lianjia.com/ershoufang/100012.html
合肥,经开区莲花路,87㎡,中层/18层,观澜华庭,118万,安徽,2室2厅,朝西,13563元/㎡,,https://hf.lianjia.com/ershoufang/100013.html
合肥,新站区淮海大道,99㎡,低层/11层,京商商贸城,126万,安徽,3室1厅,朝北,12727元/㎡,2014,https://hf.lianjia.com/ershoufang/100014.html
合肥,蜀山区合作化路,116㎡,中层/26层,万科金域华府,230万,安徽,3室2厅,南北通透,19828元/㎡,2011,https://hf.lianjia.com/ershoufang/100015.html
合肥,包河区宿松路,77㎡,高层/33层,铂金汉宫,105万,安徽,2室1厅,朝南,13636元/㎡,2010,https://hf.lianjia.com/ershoufang/100016.html
合肥,庐阳区北二环,120㎡,中层/24层,明发商业广场,178万,安徽,4室2厅,朝东,14833元/㎡,2008,https://hf.lianjia.com/ershoufang/100017.html
合肥,瑶海区长江东大街,92㎡,低层/6层,和平家园,118万,安徽,3室1厅,南北通透,12826元/㎡,2006,https://hf.lianjia.com/ershoufang/100018.html
合肥,高新区望江西路,133㎡,高层/32层,海亮九玺,238万,安徽,4室2厅,朝南,17895元/㎡,2016,https://hf.lianjia.com/ershoufang/100019.html
合肥,经开区天都路,81㎡,中层/18层,御景前城,108万,安徽,2室2厅,朝西,13333元/㎡,2013,https://hf.lianjia.com/ershoufang/100020.html
合肥,新站区梦溪路,85㎡,高层/30层,禹洲中央城,128万,安徽,3室2厅,朝北,15059元/㎡,2015,https://hf.lianjia.com/ershoufang/100021.html
合肥,蜀山区青阳路,107㎡,中层/24层,安居苑,168万,安徽,3室2厅,南北通透,15701元/㎡,2004,https://hf.lianjia.com/ershoufang/100022.html
合肥,包河区祁门路,111㎡,低层/11层,绿地中心,175万,安徽,3室2厅,朝南,15766元/㎡,2014,https://hf.lianjia.com/ershoufang/100023.html
合肥,庐阳区蒙城北路,71㎡,高层/33层,金鼎国际,92万,安徽,2室1厅,朝东,12958元/㎡,2007,https://hf.lianjia.com/ershoufang/100024.html
合肥,瑶海区新安江路,101㎡,中层/26层,保利东郡,140万,安徽,3室2厅,南北通透,13861元/㎡,2015,https://hf.lianjia.com/ershoufang/100025.html
合肥,高新区科学大道,127㎡,高层/30层,百商悦澜山,212万,安徽,4室2厅,朝南,16693元/㎡,2014,https://hf.lianjia.com/ershoufang/100026.html
合肥,经开区金寨南路,89㎡,中层/18层,中环城,132万,安徽,3室1厅,朝西,14831元/㎡,2011,https://hf.lianjia.com/ershoufang/100027.html
合肥,新站区陶冲湖,85㎡,低层/11层,文一陶冲湖广场,108万,安徽,2室2厅,朝北,12706元/㎡,2016,https://hf.lianjia.com/ershoufang/100028.html
合肥,蜀山区怀宁路,114㎡,中层/28层,华润凯旋门,248万,安徽,3室2厅,南北通透,21754元/㎡,2013,https://hf.lianjia.com/ershoufang/100029.html
合肥,蜀山区长江西路,109㎡,高层/33层,拓基城市广场,158万,安徽,3室2厅,朝南,14495元/㎡,2010,https://hf.lianjia.com/ershoufang/100030.html
南京,玄武区北京东路,99㎡,中层/24层,丹凤新寓,255万,江苏,3室1厅,朝南,25758元/㎡,2005,https://nj.lianjia.com/ershoufang/200001.html
南京,鼓楼区中山北路,94㎡,高层/30层,中商万豪,235万,江苏,2室2厅,朝东,25000元/㎡,2008,https://nj.lianjia.com/ershoufang/200002.html
南京,建邺区江东中路,119㎡,中层/26层,万达西地,355万,江苏,3室2厅,南北通透,29832元/㎡,2010,https://nj.lianjia.com/ershoufang/200003.html
南京,秦淮区龙蟠中路,84㎡,低层/6层,瑞金新村,200万,江苏,2室1厅,朝西,23810元/㎡,2003,https://nj.lianjia.com/ershoufang/200004.html
南京,雨花台区雨花西路,89㎡,中层/18层,时光澔韵,220万,江苏,3室1厅,朝北,24719元/㎡,2012,https://nj.lianjia.com/ershoufang/200005.html
南京,栖霞区仙林大道,109㎡,高层/33层,亚东城,305万,江苏,3室2厅,南北通透,27982元/㎡,2007,https://nj.lianjia.com/ershoufang/200006.html
南京,江宁区竹山路,104㎡,中层/26层,百家湖花园,260万,江苏,3室2厅,朝南,25000元/㎡,2009,https://nj.lianjia.com/ershoufang/200007.html
南京,浦口区浦珠中路,87㎡,低层/11层,江浦小区,172万,江苏,2室2厅,朝东,19770元/㎡,2014,https://nj.lianjia.com/ershoufang/200008.html
南京,六合区龙池路,74㎡,高层/30层,荣盛花语城,102万,江苏,2室1厅,朝西,13784元/㎡,2016,https://nj.lianjia.com/ershoufang/200009.html
南京,溧水区秦淮大道,91㎡,中层/18层,溧水万达,108万,江苏,3室1厅,朝北,11868元/㎡,2018,https://nj.lianjia.com/ershoufang/200010.html
南京,玄武区锁金村,81㎡,低层/6层,锁金村小区,195万,江苏,2室1厅,南北通透,24074元/㎡,2002,https://nj.lianjia.com/ershoufang/200011.html
南京,鼓楼区广州路,101㎡,中层/24层,广州路小区,282万,江苏,3室2厅,朝南,27921元/㎡,2006,https://nj.lianjia.com/ershoufang/200012.html
南京,建邺区奥体大街,129㎡,高层/32层,仁恒江湾城,515万,江苏,4室2厅,南北通透,39922元/㎡,2012,https://nj.lianjia.com/ershoufang/200013.html
南京,秦淮区中华路,77㎡,高层/30层,金沙井小区,192万,江苏,2室1厅,朝东,24935元/㎡,2004,https://nj.lianjia.com/ershoufang/200014.html
南京,雨花台区软件大道,94㎡,中层/18层,君悦湖滨,245万,江苏,3室1厅,朝西,26064元/㎡,2010,https://nj.lianjia.com/ershoufang/200015.html
南京,栖霞区和燕路,85㎡,低层/6层,迈皋桥小区,170万,江苏,2室2厅,朝北,20000元/㎡,2003,https://nj.lianjia.com/ershoufang/200016.html
南京,江宁区将军大道,114㎡,中层/26层,托乐嘉花园,308万,江苏,3室2厅,南北通透,27018元/㎡,2008,https://nj.lianjia.com/ershoufang/200017.html
南京,浦口区浦口大道,99㎡,高层/30层,正荣润江城,248万,江苏,3室2厅,朝南,25051元/㎡,2016,https://nj.lianjia.com/ershoufang/200018.html
南京,六合区雄州街道,89㎡,中层/18层,荣盛莉湖春晓,115万,江苏,3室1厅,朝东,12921元/㎡,2015,https://nj.lianjia.com/ershoufang/200019.html
南京,溧水区团山路,79㎡,低层/11层,溧水碧桂园,95万,江苏,2室2厅,朝西,12025元/㎡,2019,https://nj.lianjia.com/ershoufang/200020.html
南京,玄武区长江路,97㎡,中层/24层,长江路小区,270万,江苏,3室1厅,南北通透,27835元/㎡,2005,https://nj.lianjia.com/ershoufang/200021.html
南京,鼓楼区宁海路,87㎡,低层/6层,宁海路小区,235万,江苏,2室1厅,朝南,27011元/㎡,2001,https://nj.lianjia.com/ershoufang/200022.html
南京,建邺区庐山路,124㎡,高层/30层,中海塞纳丽舍,435万,江苏,4室2厅,南北通透,35081元/㎡,2009,https://nj.lianjia.com/ershoufang/200023.html
南京,秦淮区建康路,71㎡,高层/33层,建康路小区,178万,江苏,2室1厅,朝东,25070元/㎡,2003,https://nj.lianjia.com/ershoufang/200024.html
南京,雨花台区卡子门,104㎡,中层/18层,仁恒翠竹园,332万,江苏,3室2厅,朝西,31923元/㎡,2006,https://nj.lianjia.com/ershoufang/200025.html
南京,栖霞区文苑路,109㎡,中层/26层,南大和园,348万,江苏,3室2厅,朝北,31927元/㎡,2010,https://nj.lianjia.com/ershoufang/200026.html
南京,江宁区天元东路,94㎡,中层/18层,天印花园,216万,江苏,3室1厅,南北通透,22979元/㎡,2007,https://nj.lianjia.com/ershoufang/200027.html
南京,浦口区大桥北路,84㎡,高层/30层,弘阳旭日上城,168万,江苏,2室2厅,朝南,20000元/㎡,2013,https://nj.lianjia.com/ershoufang/200028.html
南京,六合区龙袍街道,69㎡,低层/6层,龙袍小区,82万,江苏,2室1厅,朝东,11884元/㎡,2002,https://nj.lianjia.com/ershoufang/200029.html
南京,溧水区白马镇,81㎡,中层/11层,白马碧桂园,88万,江苏,2室2厅,朝西,10864元/㎡,2020,https://nj.lianjia.com/ershoufang/200030.html
杭州,西湖区文二路,104㎡,中层/24层,文二新村,365万,浙江,3室2厅,朝南,35096元/㎡,2004,https://hz.lianjia.com/ershoufang/300001.html
杭州,上城区延安路,89㎡,高层/30层,平海公寓,312万,浙江,2室2厅,朝东,35056元/㎡,2006,https://hz.lianjia.com/ershoufang/300002.html
杭州,下城区庆春路,119㎡,中层/26层,东河家园,475万,浙江,3室2厅,南北通透,39916元/㎡,2008,https://hz.lianjia.com/ershoufang/300003.html
杭州,拱墅区湖墅南路,84㎡,低层/6层,湖墅新村,252万,浙江,2室1厅,朝西,30000元/㎡,2003,https://hz.lianjia.com/ershoufang/300004.html
杭州,滨江区江南大道,109㎡,高层/33层,彩虹城,382万,浙江,3室2厅,朝北,35046元/㎡,2010,https://hz.lianjia.com/ershoufang/300005.html
杭州,萧山区市心北路,94㎡,中层/18层,江南国际城,282万,浙江,3室1厅,南北通透,30000元/㎡,2016,https://hz.lianjia.com/ershoufang/300006.html
杭州,余杭区文一西路,99㎡,中层/26层,未来科技城小区,318万,浙江,3室2厅,朝南,32121元/㎡,2018,https://hz.lianjia.com/ershoufang/300007.html
杭州,钱塘区之江路,87㎡,低层/11层,之江诚品,226万,浙江,2室2厅,朝东,25977元/㎡,2015,https://hz.lianjia.com/ershoufang/300008.html
杭州,临安区钱王街,74㎡,高层/30层,临安碧桂园,102万,浙江,2室1厅,朝西,13784元/㎡,2019,https://hz.lianjia.com/ershoufang/300009.html
杭州,桐庐县迎春路,91㎡,中层/18层,桐庐碧桂园,108万,浙江,3室1厅,朝北,11868元/㎡,2020,https://hz.lianjia.com/ershoufang/300010.html
杭州,西湖区天目山路,114㎡,中层/28层,紫金港湾,400万,浙江,3室2厅,南北通透,35088元/㎡,2007,https://hz.lianjia.com/ershoufang/300011.html
杭州,上城区庆春东路,101㎡,高层/32层,钱江新城小区,405万,浙江,3室2厅,朝南,40099元/㎡,2012,https://hz.lianjia.com/ershoufang/300012.html
杭州,下城区绍兴路,81㎡,低层/6层,绍兴路小区,228万,浙江,2室1厅,朝东,28148元/㎡,2002,https://hz.lianjia.com/ershoufang/300013.html
杭州,拱墅区莫干山路,124㎡,中层/26层,和睦新村,372万,浙江,4室2厅,朝西,30000元/㎡,2005,https://hz.lianjia.com/ershoufang/300014.html
杭州,滨江区闻涛路,129㎡,高层/33层,太阳国际,516万,浙江,4室2厅,南北通透,39999元/㎡,2009,https://hz.lianjia.com/ershoufang/300015.html
杭州,萧山区金城路,89㎡,中层/18层,汇德隆小区,240万,浙江,3室1厅,朝北,26966元/㎡,2014,https://hz.lianjia.com/ershoufang/300016.html
杭州,余杭区良渚路,104㎡,中层/26层,良渚文化村,312万,浙江,3室2厅,朝南,30000元/㎡,2011,https://hz.lianjia.com/ershoufang/300017.html
杭州,钱塘区下沙路,84㎡,高层/30层,下沙碧桂园,168万,浙江,2室2厅,朝东,20000元/㎡,2017,https://hz.lianjia.com/ershoufang/300018.html
杭州,临安区锦城街道,77㎡,低层/6层,锦城小区,106万,浙江,2室1厅,朝西,13766元/㎡,2001,https://hz.lianjia.com/ershoufang/300019.html
杭州,桐庐县桐君路,85㎡,中层/18层,桐君小区,101万,浙江,2室2厅,朝北,11882元/㎡,2003,https://hz.lianjia.com/ershoufang/300020.html
杭州,西湖区曙光路,97㎡,中层/24层,曙光新村,340万,浙江,3室1厅,南北通透,35052元/㎡,2006,https://hz.lianjia.com/ershoufang/300021.html
杭州,上城区西湖大道,87㎡,高层/30层,西湖银泰小区,296万,浙江,2室2厅,朝南,34023元/㎡,2007,https://hz.lianjia.com/ershoufang/300022.html
杭州,下城区体育场路,101㎡,中层/26层,体育场路小区,323万,浙江,3室2厅,朝东,31980元/㎡,2004,https://hz.lianjia.com/ershoufang/300023.html
杭州,拱墅区大关路,94㎡,低层/6层,大关小区,263万,浙江,3室1厅,朝西,27979元/㎡,2002,https://hz.lianjia.com/ershoufang/300024.html
杭州,滨江区滨盛路,114㎡,高层/32层,滨盛小区,400万,浙江,3室2厅,南北通透,35088元/㎡,2010,https://hz.lianjia.com/ershoufang/300025.html
杭州,萧山区建设四路,99㎡,中层/18层,南部卧城小区,278万,浙江,3室2厅,朝北,28081元/㎡,2015,https://hz.lianjia.com/ershoufang/300026.html
杭州,余杭区星桥南路,81㎡,中层/18层,星桥小区,162万,浙江,2室2厅,朝南,20000元/㎡,2013,https://hz.lianjia.com/ershoufang/300027.html
杭州,钱塘区之江东路,89㎡,高层/30层,下沙江滨小区,222万,浙江,3室1厅,朝东,24944元/㎡,2016,https://hz.lianjia.com/ershoufang/300028.html
杭州,临安区科技大道,104㎡,中层/26层,青山湖科技城,156万,浙江,3室2厅,朝西,15000元/㎡,2018,https://hz.lianjia.com/ershoufang/300029.html
杭州,桐庐县富春江路,79㎡,低层/11层,富春江小区,95万,浙江,2室1厅,朝北,12025元/㎡,2005,https://hz.lianjia.com/ershoufang/300030.html
苏州,姑苏区干将路,99㎡,中层/24层,养育巷小区,318万,江苏,3室1厅,朝南,32121元/㎡,2004,https://sz.lianjia.com/ershoufang/400001.html
苏州,工业园区星湖街,109㎡,高层/33层,玲珑湾,438万,江苏,3室2厅,南北通透,40183元/㎡,2008,https://sz.lianjia.com/ershoufang/400002.html
苏州,高新区长江路,94㎡,中层/18层,狮山小区,282万,江苏,3室1厅,朝东,30000元/㎡,2006,https://sz.lianjia.com/ershoufang/400003.html
苏州,吴中区东吴北路,84㎡,低层/6层,东吴花园,202万,江苏,2室1厅,朝西,24048元/㎡,2003,https://sz.lianjia.com/ershoufang/400004.html
苏州,相城区华元路,89㎡,中层/18层,活力岛小区,178万,江苏,3室1厅,朝北,20000元/㎡,2014,https://sz.lianjia.com/ershoufang/400005.html
苏州,吴江区中山北路,104㎡,中层/26层,吴江碧桂园,166万,江苏,3室2厅,南北通透,15962元/㎡,2018,https://sz.lianjia.com/ershoufang/400006.html
苏州,昆山市前进路,99㎡,中层/26层,昆山万达,198万,江苏,3室2厅,朝南,20000元/㎡,2016,https://sz.lianjia.com/ershoufang/400007.html
苏州,常熟市海虞南路,87㎡,低层/11层,方塔小区,130万,江苏,2室2厅,朝东,14943元/㎡,2005,https://sz.lianjia.com/ershoufang/400008.html
苏州,张家港长安路,74㎡,高层/30层,张家港碧桂园,96万,江苏,2室1厅,朝西,12973元/㎡,2019,https://sz.lianjia.com/ershoufang/400009.html
苏州,太仓市上海东路,91㎡,中层/18层,太仓碧桂园,108万,江苏,3室1厅,朝北,11868元/㎡,2020,https://sz.lianjia.com/ershoufang/400010.html
苏州,姑苏区临顿路,81㎡,低层/6层,临顿路小区,228万,江苏,2室1厅,南北通透,28148元/㎡,2002,https://sz.lianjia.com/ershoufang/400011.html
苏州,工业园区星塘街,119㎡,高层/32层,东方之门,715万,江苏,4室2厅,朝南,59999元/㎡,2012,https://sz.lianjia.com/ershoufang/400012.html
苏州,高新区何山路,101㎡,中层/24层,何山花园,283万,江苏,3室2厅,朝东,28020元/㎡,2007,https://sz.lianjia.com/ershoufang/400013.html
苏州,吴中区石湖路,94㎡,中层/18层,石湖华城,236万,江苏,3室1厅,朝西,25106元/㎡,2010,https://sz.lianjia.com/ershoufang/400014.html
苏州,相城区春申湖路,85㎡,低层/11层,春申湖小区,136万,江苏,2室2厅,朝北,16000元/㎡,2013,https://sz.lianjia.com/ershoufang/400015.html
苏州,吴江区秋枫街,114㎡,中层/26层,太湖新城小区,228万,江苏,3室2厅,南北通透,20000元/㎡,2017,https://sz.lianjia.com/ershoufang/400016.html
苏州,昆山市洞庭湖路,104㎡,中层/26层,昆山城东小区,177万,江苏,3室2厅,朝南,17019元/㎡,2015,https://sz.lianjia.com/ershoufang/400017.html
苏州,常熟市琴湖路,89㎡,中层/18层,琴湖小区,133万,江苏,3室1厅,朝东,14944元/㎡,2008,https://sz.lianjia.com/ershoufang/400018.html
苏州,张家港沙洲中路,79㎡,低层/6层,沙洲小区,102万,江苏,2室1厅,朝西,12911元/㎡,2004,https://sz.lianjia.com/ershoufang/400019.html
苏州,太仓市人民南路,84㎡,中层/18层,太仓老城区,100万,江苏,2室2厅,朝北,11905元/㎡,2006,https://sz.lianjia.com/ershoufang/400020.html
苏州,姑苏区三香路,97㎡,中层/24层,三香花园,272万,江苏,3室1厅,南北通透,28041元/㎡,2005,https://sz.lianjia.com/ershoufang/400021.html
苏州,工业园区星明街,109㎡,高层/30层,新城花园,382万,江苏,3室2厅,朝南,35046元/㎡,2009,https://sz.lianjia.com/ershoufang/400022.html
苏州,高新区滨河路,99㎡,中层/24层,滨河花园,278万,江苏,3室2厅,朝东,28081元/㎡,2006,https://sz.lianjia.com/ershoufang/400023.html
苏州,吴中区越溪街,91㎡,中层/18层,越溪小区,164万,江苏,3室1厅,朝西,18022元/㎡,2012,https://sz.lianjia.com/ershoufang/400024.html
苏州,相城区阳澄湖路,87㎡,低层/11层,阳澄湖小区,139万,江苏,2室2厅,朝北,15977元/㎡,2011,https://sz.lianjia.com/ershoufang/400025.html
苏州,吴江区盛泽大道,104㎡,中层/26层,盛泽碧桂园,166万,江苏,3室2厅,南北通透,15962元/㎡,2019,https://sz.lianjia.com/ershoufang/400026.html
苏州,昆山市萧林路,94㎡,中层/18层,昆山城北小区,160万,江苏,3室1厅,朝南,17021元/㎡,2014,https://sz.lianjia.com/ershoufang/400027.html
苏州,常熟市黄河路,85㎡,低层/6层,黄河路小区,128万,江苏,2室1厅,朝东,15059元/㎡,2003,https://sz.lianjia.com/ershoufang/400028.html
苏州,张家港暨阳中路,77㎡,高层/30层,暨阳小区,108万,江苏,2室1厅,朝西,14026元/㎡,2005,https://sz.lianjia.com/ershoufang/400029.html
苏州,太仓市郑和中路,89㎡,中层/18层,太仓新区,115万,江苏,3室1厅,朝北,12921元/㎡,2016,https://sz.lianjia.com/ershoufang/400030.html
无锡,梁溪区中山路,99㎡,中层/24层,中山路小区,278万,江苏,3室1厅,朝南,28081元/㎡,2004,https://wx.lianjia.com/ershoufang/500001.html
无锡,滨湖区蠡湖大道,109㎡,高层/33层,蠡湖公馆,328万,江苏,3室2厅,南北通透,30092元/㎡,2010,https://wx.lianjia.com/ershoufang/500002.html
无锡,锡山区东亭路,94㎡,中层/18层,东亭小区,188万,江苏,3室1厅,朝东,20000元/㎡,2007,https://wx.lianjia.com/ershoufang/500003.html
无锡,惠山区堰桥路,84㎡,低层/6层,堰桥小区,134万,江苏,2室1厅,朝西,15952元/㎡,2003,https://wx.lianjia.com/ershoufang/500004.html
无锡,新吴区长江北路,89㎡,中层/18层,长江国际,178万,江苏,3室1厅,朝北,20000元/㎡,2012,https://wx.lianjia.com/ershoufang/500005.html
无锡,江阴市澄江路,104㎡,中层/26层,江阴碧桂园,166万,江苏,3室2厅,南北通透,15962元/㎡,2018,https://wx.lianjia.com/ershoufang/500006.html
无锡,宜兴市陶都路,99㎡,中层/26层,宜兴万达,148万,江苏,3室2厅,朝南,14949元/㎡,2016,https://wx.lianjia.com/ershoufang/500007.html
无锡,梁溪区五爱路,87㎡,低层/11层,五爱小区,209万,江苏,2室2厅,朝东,24023元/㎡,2005,https://wx.lianjia.com/ershoufang/500008.html
无锡,滨湖区太湖大道,74㎡,高层/30层,太湖花园,133万,江苏,2室1厅,朝西,17973元/㎡,2008,https://wx.lianjia.com/ershoufang/500009.html
无锡,锡山区安镇镇,91㎡,中层/18层,安镇小区,127万,江苏,3室1厅,朝北,13956元/㎡,2019,https://wx.lianjia.com/ershoufang/500010.html
无锡,梁溪区解放北路,81㎡,低层/6层,解放北路小区,187万,江苏,2室1厅,南北通透,23086元/㎡,2002,https://wx.lianjia.com/ershoufang/500011.html
无锡,滨湖区望山路,119㎡,高层/32层,蠡湖香樟园,476万,江苏,4室2厅,朝南,39999元/㎡,2013,https://wx.lianjia.com/ershoufang/500012.html
无锡,锡山区友谊路,101㎡,中层/24层,友谊家园,202万,江苏,3室2厅,朝东,20000元/㎡,2009,https://wx.lianjia.com/ershoufang/500013.html
无锡,惠山区钱桥街道,94㎡,中层/18层,钱桥小区,150万,江苏,3室1厅,朝西,15957元/㎡,2011,https://wx.lianjia.com/ershoufang/500014.html
无锡,新吴区旺庄路,85㎡,低层/11层,旺庄小区,136万,江苏,2室2厅,朝北,16000元/㎡,2010,https://wx.lianjia.com/ershoufang/500015.html
无锡,江阴市长江路,114㎡,中层/26层,长江国际,228万,江苏,3室2厅,南北通透,20000元/㎡,2015,https://wx.lianjia.com/ershoufang/500016.html
无锡,宜兴市荆邑路,104㎡,中层/26层,荆邑小区,156万,江苏,3室2厅,朝南,15000元/㎡,2017,https://wx.lianjia.com/ershoufang/500017.html
无锡,梁溪区南长街,97㎡,中层/24层,南长街小区,243万,江苏,3室1厅,南北通透,25052元/㎡,2006,https://wx.lianjia.com/ershoufang/500018.html
无锡,滨湖区建筑路,87㎡,高层/30层,建筑路小区,183万,江苏,2室2厅,朝东,21034元/㎡,2007,https://wx.lianjia.com/ershoufang/500019.html
无锡,锡山区东北塘,101㎡,中层/24层,东北塘小区,182万,江苏,3室2厅,朝东,18020元/㎡,2008,https://wx.lianjia.com/ershoufang/500020.html
无锡,惠山区洛社镇,94㎡,低层/6层,洛社小区,131万,江苏,3室1厅,朝西,13936元/㎡,2004,https://wx.lianjia.com/ershoufang/500021.html
无锡,新吴区梅村街道,89㎡,中层/18层,梅里香舍,160万,江苏,3室1厅,朝北,17978元/㎡,2013,https://wx.lianjia.com/ershoufang/500022.html
无锡,江阴市申港路,79㎡,低层/11层,申港小区,102万,江苏,2室1厅,朝东,12911元/㎡,2005,https://wx.lianjia.com/ershoufang/500023.html
无锡,宜兴市丁蜀镇,84㎡,中层/18层,丁蜀小区,100万,江苏,2室2厅,朝西,11905元/㎡,2016,https://wx.lianjia.com/ershoufang/500024.html
无锡,梁溪区清扬路,99㎡,中层/24层,清扬康臣,258万,江苏,3室2厅,南北通透,26061元/㎡,2010,https://wx.lianjia.com/ershoufang/500025.html
无锡,滨湖区震泽路,109㎡,高层/30层,华庄小区,218万,江苏,3室2厅,朝南,20000元/㎡,2014,https://wx.lianjia.com/ershoufang/500026.html
无锡,锡山区东港镇,74㎡,低层/6层,东港小区,88万,江苏,2室1厅,朝东,11892元/㎡,2003,https://wx.lianjia.com/ershoufang/500027.html
无锡,惠山区前洲街道,81㎡,中层/18层,前洲小区,105万,江苏,2室2厅,朝西,12963元/㎡,2015,https://wx.lianjia.com/ershoufang/500028.html
无锡,新吴区鸿山街道,89㎡,中层/18层,鸿山小区,133万,江苏,3室1厅,朝北,14944元/㎡,2017,https://wx.lianjia.com/ershoufang/500029.html
无锡,江阴市周庄镇,85㎡,低层/11层,周庄小区,110万,江苏,2室2厅,南北通透,12941元/㎡,2006,https://wx.lianjia.com/ershoufang/500030.html
合肥,瑶海区龙岗路,288㎡,中层/18层,超大户型,260万,安徽,5室3厅,南北通透,9028元/㎡,2015,https://hf.lianjia.com/ershoufang/100031.html
合肥,包河区徽州大道,42.5㎡,高层/33层,极小公寓,45万,安徽,1室0厅,朝北,10588元/㎡,2016,https://hf.lianjia.com/ershoufang/100032.html
南京,建邺区奥体大街,地下室,低层/1层,车位储藏室,25万,江苏,车位,南北,50000元/㎡,2012,https://nj.lianjia.com/ershoufang/200031.html
杭州,余杭区未来科技城,555㎡,中层/26层,顶墅大平层,1880万,浙江,6室4厅,南北通透,33874元/㎡,2020,https://hz.lianjia.com/ershoufang/300031.html
苏州,工业园区金鸡湖,199㎡,高层/30层,湖景大平层,1280万,江苏,5室2厅,朝南,64322元/㎡,2015,https://sz.lianjia.com/ershoufang/400031.html
无锡,滨湖区蠡湖,266㎡,中层/26层,湖景别墅,880万,江苏,5室3厅,南北通透,33083元/㎡,2014,https://wx.lianjia.com/ershoufang/500031.html
合肥,蜀山区望江西路,,高层/33层,未知小区,155万,安徽,3室2厅,朝南,14000元/㎡,,https://hf.lianjia.com/ershoufang/100033.html
南京,秦淮区中华路,82㎡,,中华路小区,190万,江苏,2室1厅,朝东,23171元/㎡,2004,https://nj.lianjia.com/ershoufang/200032.html
杭州,西湖区文三路,97㎡,中层/24层,,338万,浙江,3室2厅,朝南,34845元/㎡,2005,https://hz.lianjia.com/ershoufang/300032.html
苏州,姑苏区平江路,77㎡,低层/6层,平江小区,,江苏,2室1厅,南北通透,28000元/㎡,2002,https://sz.lianjia.com/ershoufang/400032.html
无锡,梁溪区崇安寺,91㎡,中层/18层,崇安寺小区,245万,江苏,,朝南,26923元/㎡,2006,https://wx.lianjia.com/ershoufang/500032.html
合肥,新站区淮海大道,86㎡,中层/18层,文一商城,999万,安徽,3室2厅,南北通透,116163元/㎡,2014,https://hf.lianjia.com/ershoufang/100034.html
南京,江宁区禄口街道,121㎡,中层/18层,禄口小区,28万,江苏,3室2厅,朝南,2314元/㎡,2015,https://nj.lianjia.com/ershoufang/200033.html
city,address,area,floor,name,price,province,rooms,toward,unit,year,origin_url
合肥,龙岗-临泉东路和王岗大道交叉口东南角,90㎡,中层(共18层),圣地亚哥,128万,安徽,3室2厅,南北向,14222元/㎡,2013年建,https://hf.esf.fang.com/chushou/3_404230666.html
合肥,蜀山-长江西路与科学大道交口,110㎡,高层(共33层),拓基城市广场,165万,安徽,3室2厅,朝南,15000元/㎡,2010年建,https://hf.esf.fang.com/chushou/3_404230667.html
合肥,包河-马鞍山路与太湖路交口,85㎡,低层(共6层),金地国际城,119万,安徽,2室1厅,朝东,14000元/㎡,2008年建,https://hf.esf.fang.com/chushou/3_404230668.html
合肥,庐阳-北一环与蒙城路交口,120㎡,中层(共24层),财富广场,192万,安徽,3室2厅,南北向,16000元/㎡,2012年建,https://hf.esf.fang.com/chushou/3_404230669.html
合肥,瑶海-长江东路与郎溪路交口,75㎡,高层(共30层),保利东郡,98万,安徽,2室1厅,朝北,13067元/㎡,2015年建,https://hf.esf.fang.com/chushou/3_404230670.html
合肥,高新-望江西路与创新大道交口,130㎡,中层(共26层),祥源城,221万,安徽,4室2厅,朝南,17000元/㎡,2016年建,https://hf.esf.fang.com/chushou/3_404230671.html
合肥,经开-翡翠路与繁华大道交口,95㎡,低层(共11层),中环云邸,143万,安徽,3室1厅,朝西,15053元/㎡,2011年建,https://hf.esf.fang.com/chushou/3_404230672.html
合肥,新站-铜陵北路与物流大道交口,80㎡,中层(共18层),家天下,104万,安徽,2室2厅,南北向,13000元/㎡,2009年建,https://hf.esf.fang.com/chushou/3_404230673.html
合肥,蜀山-潜山路与黄山路交口,105㎡,高层(共32层),华润幸福里,179万,安徽,3室2厅,朝南,17048元/㎡,2014年建,https://hf.esf.fang.com/chushou/3_404230674.html
合肥,包河-徽州大道与南二环交口,115㎡,中层(共28层),望湖城,184万,安徽,3室2厅,南北向,16000元/㎡,2007年建,https://hf.esf.fang.com/chushou/3_404230675.html
合肥,庐阳-阜阳路与临泉路交口,70㎡,低层(共6层),和煦园,91万,安徽,2室1厅,朝东,13000元/㎡,2005年建,https://hf.esf.fang.com/chushou/3_404230676.html
合肥,瑶海-明光路与胜利路交口,92㎡,中层(共24层),恒大城,138万,安徽,3室1厅,朝南,15000元/㎡,2013年建,https://hf.esf.fang.com/chushou/3_404230677.html
合肥,高新-科学大道与习友路交口,125㎡,高层(共30层),保利梧桐语,210万,安徽,4室2厅,南北向,16800元/㎡,2015年建,https://hf.esf.fang.com/chushou/3_404230678.html
合肥,经开-莲花路与锦绣大道交口,88㎡,中层(共18层),观澜华庭,123万,安徽,2室2厅,朝西,13977元/㎡,2012年建,https://hf.esf.fang.com/chushou/3_404230679.html
合肥,新站-淮海大道与铜陵路交口,100㎡,低层(共11层),京商商贸城,130万,安徽,3室1厅,朝北,13000元/㎡,2014年建,https://hf.esf.fang.com/chushou/3_404230680.html
合肥,蜀山-合作化路与望江西路交口,118㎡,中层(共26层),万科金域华府,236万,安徽,3室2厅,南北向,20000元/㎡,2011年建,https://hf.esf.fang.com/chushou/3_404230681.html
合肥,包河-马鞍山路与九华山路交口,78㎡,高层(共33层),铂金汉宫,109万,安徽,2室1厅,朝南,14000元/㎡,2010年建,https://hf.esf.fang.com/chushou/3_404230682.html
合肥,庐阳-北二环与四里河路交口,122㎡,中层(共24层),明发商业广场,183万,安徽,4室2厅,朝东,15000元/㎡,2008年建,https://hf.esf.fang.com/chushou/3_404230683.html
合肥,瑶海-长江东大街与肥东路交口,93㎡,低层(共6层),和平家园,121万,安徽,3室1厅,南北向,13011元/㎡,2006年建,https://hf.esf.fang.com/chushou/3_404230684.html
合肥,高新-创新大道与望江西路交口,135㎡,高层(共32层),海亮九玺,243万,安徽,4室2厅,朝南,18000元/㎡,2016年建,https://hf.esf.fang.com/chushou/3_404230685.html
合肥,经开-天都路与芙蓉路交口,82㎡,中层(共18层),御景前城,111万,安徽,2室2厅,朝西,13537元/㎡,2013年建,https://hf.esf.fang.com/chushou/3_404230686.html
合肥,新站-新蚌埠路与北二环交口,95㎡,高层(共30层),禹洲中央城,133万,安徽,3室2厅,朝北,14000元/㎡,2015年建,https://hf.esf.fang.com/chushou/3_404230687.html
合肥,蜀山-青阳路与贵池路交口,108㎡,中层(共24层),安居苑,173万,安徽,3室2厅,南北向,16019元/㎡,2004年建,https://hf.esf.fang.com/chushou/3_404230688.html
合肥,包河-宿松路与祁门路交口,112㎡,低层(共11层),绿地中心,179万,安徽,3室2厅,朝南,16000元/㎡,2014年建,https://hf.esf.fang.com/chushou/3_404230689.html
合肥,庐阳-蒙城路与北一环交口,72㎡,高层(共33层),金鼎国际,94万,安徽,2室1厅,朝东,13056元/㎡,2007年建,https://hf.esf.fang.com/chushou/3_404230690.html
合肥,瑶海-当涂路与新安江路交口,102㎡,中层(共26层),保利东郡,143万,安徽,3室2厅,南北向,14020元/㎡,2015年建,https://hf.esf.fang.com/chushou/3_404230691.html
合肥,高新-习友路与科学大道交口,128㎡,高层(共30层),百商悦澜山,218万,安徽,4室2厅,朝南,17031元/㎡,2014年建,https://hf.esf.fang.com/chushou/3_404230692.html
合肥,经开-金寨路与繁华大道交口,90㎡,中层(共18层),中环城,135万,安徽,3室1厅,朝西,15000元/㎡,2011年建,https://hf.esf.fang.com/chushou/3_404230693.html
合肥,新站-淮海大道与梦溪路交口,86㎡,低层(共11层),文一陶冲湖城市广场,112万,安徽,2室2厅,朝北,13023元/㎡,2016年建,https://hf.esf.fang.com/chushou/3_404230694.html
合肥,蜀山-怀宁路与南二环交口,115㎡,中层(共28层),华润凯旋门,253万,安徽,3室2厅,南北向,22000元/㎡,2013年建,https://hf.esf.fang.com/chushou/3_404230695.html
南京,玄武-北京东路与太平北路交口,100㎡,中层(共24层),丹凤新寓,260万,江苏,3室1厅,朝南,26000元/㎡,2005年建,https://nj.esf.fang.com/chushou/3_404230696.html
南京,鼓楼-中山北路与湖南路交口,95㎡,高层(共30层),中商万豪,238万,江苏,2室2厅,朝东,25053元/㎡,2008年建,https://nj.esf.fang.com/chushou/3_404230697.html
南京,建邺-江东中路与集庆门大街交口,120㎡,中层(共26层),万达西地,360万,江苏,3室2厅,南北向,30000元/㎡,2010年建,https://nj.esf.fang.com/chushou/3_404230698.html
南京,秦淮-龙蟠中路与瑞金路交口,85㎡,低层(共6层),瑞金新村,204万,江苏,2室1厅,朝西,24000元/㎡,2003年建,https://nj.esf.fang.com/chushou/3_404230699.html
南京,雨花-雨花西路与安德门大街交口,90㎡,中层(共18层),时光澔韵,225万,江苏,3室1厅,朝北,25000元/㎡,2012年建,https://nj.esf.fang.com/chushou/3_404230700.html
南京,栖霞-仙林大道与学海路交口,110㎡,高层(共33层),亚东城,308万,江苏,3室2厅,南北向,28000元/㎡,2007年建,https://nj.esf.fang.com/chushou/3_404230701.html
南京,江宁-天元中路与竹山路交口,105㎡,中层(共26层),百家湖花园,263万,江苏,3室2厅,朝南,25048元/㎡,2009年建,https://nj.esf.fang.com/chushou/3_404230702.html
南京,浦口-浦珠中路与定向河路交口,88㎡,低层(共11层),江浦街道小区,176万,江苏,2室2厅,朝东,20000元/㎡,2014年建,https://nj.esf.fang.com/chushou/3_404230703.html
南京,六合-龙池路与六合大道交口,75㎡,高层(共30层),荣盛花语城,105万,江苏,2室1厅,朝西,14000元/㎡,2016年建,https://nj.esf.fang.com/chushou/3_404230704.html
南京,溧水-永阳街道与秦淮大道交口,92㎡,中层(共18层),溧水万达广场,110万,江苏,3室1厅,朝北,11957元/㎡,2018年建,https://nj.esf.fang.com/chushou/3_404230705.html
南京,玄武-龙蟠路与锁金村交口,82㎡,低层(共6层),锁金村小区,197万,江苏,2室1厅,南北向,24024元/㎡,2002年建,https://nj.esf.fang.com/chushou/3_404230706.html
南京,鼓楼-广州路与上海路交口,102㎡,中层(共24层),广州路小区,286万,江苏,3室2厅,朝南,28039元/㎡,2006年建,https://nj.esf.fang.com/chushou/3_404230707.html
南京,建邺-奥体大街与江东中路交口,130㎡,高层(共32层),仁恒江湾城,520万,江苏,4室2厅,南北向,40000元/㎡,2012年建,https://nj.esf.fang.com/chushou/3_404230708.html
南京,秦淮-中华路与瞻园路交口,78㎡,高层(共30层),金沙井小区,195万,江苏,2室1厅,朝东,25000元/㎡,2004年建,https://nj.esf.fang.com/chushou/3_404230709.html
南京,雨花-软件大道与花神大道交口,95㎡,中层(共18层),君悦湖滨,247万,江苏,3室1厅,朝西,26000元/㎡,2010年建,https://nj.esf.fang.com/chushou/3_404230710.html
南京,栖霞-迈皋桥街道与和燕路交口,86㎡,低层(共6层),迈皋桥小区,172万,江苏,2室2厅,朝北,20000元/㎡,2003年建,https://nj.esf.fang.com/chushou/3_404230711.html
南京,江宁-秣陵街道与将军大道交口,115㎡,中层(共26层),托乐嘉花园,311万,江苏,3室2厅,南北向,27043元/㎡,2008年建,https://nj.esf.fang.com/chushou/3_404230712.html
南京,浦口-江浦街道与浦口大道交口,100㎡,高层(共30层),正荣润江城,250万,江苏,3室2厅,朝南,25000元/㎡,2016年建,https://nj.esf.fang.com/chushou/3_404230713.html
南京,六合-雄州街道与龙津路交口,90㎡,中层(共18层),荣盛莉湖春晓,117万,江苏,3室1厅,朝东,13000元/㎡,2015年建,https://nj.esf.fang.com/chushou/3_404230714.html
南京,溧水-柘塘街道与团山路交口,80㎡,低层(共11层),溧水碧桂园,96万,江苏,2室2厅,朝西,12000元/㎡,2019年建,https://nj.esf.fang.com/chushou/3_404230715.html
南京,玄武-长江路与洪武北路交口,98㎡,中层(共24层),长江路小区,274万,江苏,3室1厅,南北向,28000元/㎡,2005年建,https://nj.esf.fang.com/chushou/3_404230716.html
南京,鼓楼-宁海路与北京西路交口,88㎡,低层(共6层),宁海路小区,238万,江苏,2室1厅,朝南,27045元/㎡,2001年建,https://nj.esf.fang.com/chushou/3_404230717.html
南京,建邺-庐山路与新安江街交口,125㎡,高层(共30层),中海塞纳丽舍,438万,江苏,4室2厅,南北向,35040元/㎡,2009年建,https://nj.esf.fang.com/chushou/3_404230718.html
南京,秦淮-建康路与太平南路交口,72㎡,高层(共33层),建康路小区,180万,江苏,2室1厅,朝东,25000元/㎡,2003年建,https://nj.esf.fang.com/chushou/3_404230719.html
南京,雨花-宁南大道与卡子门大街交口,105㎡,中层(共18层),仁恒翠竹园,336万,江苏,3室2厅,朝西,32000元/㎡,2006年建,https://nj.esf.fang.com/chushou/3_404230720.html
南京,栖霞-仙林大学城与文苑路交口,110㎡,中层(共26层),南大和园,352万,江苏,3室2厅,朝北,32000元/㎡,2010年建,https://nj.esf.fang.com/chushou/3_404230721.html
南京,江宁-秣陵街道与天元东路交口,95㎡,中层(共18层),天印花园,219万,江苏,3室1厅,南北向,23053元/㎡,2007年建,https://nj.esf.fang.com/chushou/3_404230722.html
南京,浦口-桥北街道与大桥北路交口,85㎡,高层(共30层),弘阳旭日上城,170万,江苏,2室2厅,朝南,20000元/㎡,2013年建,https://nj.esf.fang.com/chushou/3_404230723.html
南京,六合-龙袍街道与金江公路交口,70㎡,低层(共6层),龙袍小区,84万,江苏,2室1厅,朝东,12000元/㎡,2002年建,https://nj.esf.fang.com/chushou/3_404230724.html
南京,溧水-白马镇与康居路交口,82㎡,中层(共11层),白马碧桂园,90万,江苏,2室2厅,朝西,10976元/㎡,2020年建,https://nj.esf.fang.com/chushou/3_404230725.html
杭州,西湖-文二路与莫干山路交口,105㎡,中层(共24层),文二新村,368万,浙江,3室2厅,朝南,35048元/㎡,2004年建,https://hz.esf.fang.com/chushou/3_404230726.html
杭州,上城-延安路与平海路交口,90㎡,高层(共30层),平海公寓,315万,浙江,2室2厅,朝东,35000元/㎡,2006年建,https://hz.esf.fang.com/chushou/3_404230727.html
杭州,下城-庆春路与建国北路交口,120㎡,中层(共26层),东河家园,480万,浙江,3室2厅,南北向,40000元/㎡,2008年建,https://hz.esf.fang.com/chushou/3_404230728.html
杭州,拱墅-湖墅南路与潮王路交口,85㎡,低层(共6层),湖墅新村,255万,浙江,2室1厅,朝西,30000元/㎡,2003年建,https://hz.esf.fang.com/chushou/3_404230729.html
杭州,滨江-江南大道与火炬大道交口,110㎡,高层(共33层),彩虹城,385万,浙江,3室2厅,朝北,35000元/㎡,2010年建,https://hz.esf.fang.com/chushou/3_404230730.html
杭州,萧山-市心北路与建设三路交口,95㎡,中层(共18层),江南国际城,285万,浙江,3室1厅,南北向,30000元/㎡,2016年建,https://hz.esf.fang.com/chushou/3_404230731.html
杭州,余杭-文一西路与高教路交口,100㎡,中层(共26层),未来科技城小区,320万,浙江,3室2厅,朝南,32000元/㎡,2018年建,https://hz.esf.fang.com/chushou/3_404230732.html
杭州,钱塘-之江路与珊瑚沙路交口,88㎡,低层(共11层),之江诚品,229万,浙江,2室2厅,朝东,26023元/㎡,2015年建,https://hz.esf.fang.com/chushou/3_404230733.html
杭州,临安-钱王街与万马路交口,75㎡,高层(共30层),临安碧桂园,105万,浙江,2室1厅,朝西,14000元/㎡,2019年建,https://hz.esf.fang.com/chushou/3_404230734.html
杭州,桐庐-迎春路与学圣路交口,92㎡,中层(共18层),桐庐碧桂园,110万,浙江,3室1厅,朝北,11957元/㎡,2020年建,https://hz.esf.fang.com/chushou/3_404230735.html
杭州,西湖-天目山路与紫金港路交口,115㎡,中层(共28层),紫金港湾,403万,浙江,3室2厅,南北向,35043元/㎡,2007年建,https://hz.esf.fang.com/chushou/3_404230736.html
杭州,上城-庆春东路与钱江路交口,102㎡,高层(共32层),钱江新城小区,408万,浙江,3室2厅,朝南,40000元/㎡,2012年建,https://hz.esf.fang.com/chushou/3_404230737.html
杭州,下城-绍兴路与香积寺路交口,82㎡,低层(共6层),绍兴路小区,230万,浙江,2室1厅,朝东,28049元/㎡,2002年建,https://hz.esf.fang.com/chushou/3_404230738.html
杭州,拱墅-莫干山路与登云路交口,125㎡,中层(共26层),和睦新村,375万,浙江,4室2厅,朝西,30000元/㎡,2005年建,https://hz.esf.fang.com/chushou/3_404230739.html
杭州,滨江-闻涛路与建业路交口,130㎡,高层(共33层),太阳国际,520万,浙江,4室2厅,南北向,40000元/㎡,2009年建,https://hz.esf.fang.com/chushou/3_404230740.html
杭州,萧山-金城路与青年路交口,90㎡,中层(共18层),汇德隆银隆百货,243万,浙江,3室1厅,朝北,27000元/㎡,2014年建,https://hz.esf.fang.com/chushou/3_404230741.html
杭州,余杭-良渚路与古墩路交口,105㎡,中层(共26层),良渚文化村,315万,浙江,3室2厅,朝南,30000元/㎡,2011年建,https://hz.esf.fang.com/chushou/3_404230742.html
杭州,钱塘-下沙路与11号大街交口,85㎡,高层(共30层),下沙碧桂园,170万,浙江,2室2厅,朝东,20000元/㎡,2017年建,https://hz.esf.fang.com/chushou/3_404230743.html
杭州,临安-锦城街道与钱王街交口,78㎡,低层(共6层),锦城小区,109万,浙江,2室1厅,朝西,14000元/㎡,2001年建,https://hz.esf.fang.com/chushou/3_404230744.html
杭州,桐庐-桐君路与迎春路交口,86㎡,中层(共18层),桐君小区,103万,浙江,2室2厅,朝北,12000元/㎡,2003年建,https://hz.esf.fang.com/chushou/3_404230745.html
杭州,西湖-曙光路与求是路交口,98㎡,中层(共24层),曙光新村,343万,浙江,3室1厅,南北向,35000元/㎡,2006年建,https://hz.esf.fang.com/chushou/3_404230746.html
杭州,上城-西湖大道与建国南路交口,88㎡,高层(共30层),西湖银泰小区,299万,浙江,2室2厅,朝南,34000元/㎡,2007年建,https://hz.esf.fang.com/chushou/3_404230747.html
杭州,下城-体育场路与中河北路交口,102㎡,中层(共26层),体育场路小区,326万,浙江,3室2厅,朝东,32000元/㎡,2004年建,https://hz.esf.fang.com/chushou/3_404230748.html
杭州,拱墅-大关路与长乐路交口,95㎡,低层(共6层),大关小区,266万,浙江,3室1厅,朝西,28000元/㎡,2002年建,https://hz.esf.fang.com/chushou/3_404230749.html
杭州,滨江-滨盛路与长河路交口,115㎡,高层(共32层),滨盛小区,403万,浙江,3室2厅,南北向,35043元/㎡,2010年建,https://hz.esf.fang.com/chushou/3_404230750.html
杭州,萧山-建设四路与市心南路交口,100㎡,中层(共18层),南部卧城小区,280万,浙江,3室2厅,朝北,28000元/㎡,2015年建,https://hz.esf.fang.com/chushou/3_404230751.html
杭州,余杭-星桥南路与天都路交口,82㎡,中层(共18层),星桥小区,164万,浙江,2室2厅,朝南,20000元/㎡,2013年建,https://hz.esf.fang.com/chushou/3_404230752.html
杭州,钱塘-之江东路与23号大街交口,90㎡,高层(共30层),下沙江滨小区,225万,浙江,3室1厅,朝东,25000元/㎡,2016年建,https://hz.esf.fang.com/chushou/3_404230753.html
杭州,临安-青山湖街道与科技大道交口,105㎡,中层(共26层),青山湖科技城,158万,浙江,3室2厅,朝西,15048元/㎡,2018年建,https://hz.esf.fang.com/chushou/3_404230754.html
杭州,桐庐-富春江路与滨江路交口,80㎡,低层(共11层),富春江小区,96万,浙江,2室1厅,朝北,12000元/㎡,2005年建,https://hz.esf.fang.com/chushou/3_404230755.html
苏州,姑苏-干将路与养育巷交口,100㎡,中层(共24层),养育巷小区,320万,江苏,3室1厅,朝南,32000元/㎡,2004年建,https://sz.esf.fang.com/chushou/3_404230756.html
苏州,工业园区-星湖街与现代大道交口,110㎡,高层(共33层),玲珑湾,440万,江苏,3室2厅,南北向,40000元/㎡,2008年建,https://sz.esf.fang.com/chushou/3_404230757.html
苏州,高新-长江路与邓尉路交口,95㎡,中层(共18层),狮山小区,285万,江苏,3室1厅,朝东,30000元/㎡,2006年建,https://sz.esf.fang.com/chushou/3_404230758.html
苏州,吴中-东吴北路与宝带东路交口,85㎡,低层(共6层),东吴花园,204万,江苏,2室1厅,朝西,24000元/㎡,2003年建,https://sz.esf.fang.com/chushou/3_404230759.html
苏州,相城-华元路与采莲路交口,90㎡,中层(共18层),活力岛小区,180万,江苏,3室1厅,朝北,20000元/㎡,2014年建,https://sz.esf.fang.com/chushou/3_404230760.html
苏州,吴江-中山北路与江兴西路交口,105㎡,中层(共26层),吴江碧桂园,168万,江苏,3室2厅,南北向,16000元/㎡,2018年建,https://sz.esf.fang.com/chushou/3_404230761.html
苏州,昆山-前进路与长江中路交口,100㎡,中层(共26层),昆山万达广场,200万,江苏,3室2厅,朝南,20000元/㎡,2016年建,https://sz.esf.fang.com/chushou/3_404230762.html
苏州,常熟-海虞南路与方塔街交口,88㎡,低层(共11层),方塔小区,132万,江苏,2室2厅,朝东,15000元/㎡,2005年建,https://sz.esf.fang.com/chushou/3_404230763.html
苏州,张家港-长安路与人民路交口,75㎡,高层(共30层),张家港碧桂园,98万,江苏,2室1厅,朝西,13067元/㎡,2019年建,https://sz.esf.fang.com/chushou/3_404230764.html
苏州,太仓-上海东路与太平南路交口,92㎡,中层(共18层),太仓碧桂园,110万,江苏,3室1厅,朝北,11957元/㎡,2020年建,https://sz.esf.fang.com/chushou/3_404230765.html
苏州,姑苏-临顿路与白塔东路交口,82㎡,低层(共6层),临顿路小区,230万,江苏,2室1厅,南北向,28049元/㎡,2002年建,https://sz.esf.fang.com/chushou/3_404230766.html
苏州,工业园区-星塘街与金鸡湖大道交口,120㎡,高层(共32层),东方之门,720万,江苏,4室2厅,朝南,60000元/㎡,2012年建,https://sz.esf.fang.com/chushou/3_404230767.html
苏州,高新-何山路与塔园路交口,102㎡,中层(共24层),何山花园,286万,江苏,3室2厅,朝东,28039元/㎡,2007年建,https://sz.esf.fang.com/chushou/3_404230768.html
苏州,吴中-石湖路与友新路交口,95㎡,中层(共18层),石湖华城,238万,江苏,3室1厅,朝西,25053元/㎡,2010年建,https://sz.esf.fang.com/chushou/3_404230769.html
苏州,相城-春申湖路与澄和路交口,86㎡,低层(共11层),春申湖小区,138万,江苏,2室2厅,朝北,16047元/㎡,2013年建,https://sz.esf.fang.com/chushou/3_404230770.html
苏州,吴江-开平路与秋枫街交口,115㎡,中层(共26层),吴江太湖新城,230万,江苏,3室2厅,南北向,20000元/㎡,2017年建,https://sz.esf.fang.com/chushou/3_404230771.html
苏州,昆山-前进东路与洞庭湖路交口,105㎡,中层(共26层),昆山城东小区,179万,江苏,3室2厅,朝南,17048元/㎡,2015年建,https://sz.esf.fang.com/chushou/3_404230772.html
苏州,常熟-招商东路与琴湖路交口,90㎡,中层(共18层),琴湖小区,135万,江苏,3室1厅,朝东,15000元/㎡,2008年建,https://sz.esf.fang.com/chushou/3_404230773.html
苏州,张家港-沙洲中路与国泰路交口,80㎡,低层(共6层),沙洲小区,104万,江苏,2室1厅,朝西,13000元/㎡,2004年建,https://sz.esf.fang.com/chushou/3_404230774.html
苏州,太仓-人民南路与上海西路交口,85㎡,中层(共18层),太仓老城区小区,102万,江苏,2室2厅,朝北,12000元/㎡,2006年建,https://sz.esf.fang.com/chushou/3_404230775.html
苏州,姑苏-西环路与三香路交口,98㎡,中层(共24层),三香花园,274万,江苏,3室1厅,南北向,28000元/㎡,2005年建,https://sz.esf.fang.com/chushou/3_404230776.html
苏州,工业园区-现代大道与星明街交口,110㎡,高层(共30层),新城花园,385万,江苏,3室2厅,朝南,35000元/㎡,2009年建,https://sz.esf.fang.com/chushou/3_404230777.html
苏州,高新-滨河路与玉山路交口,100㎡,中层(共24层),滨河花园,280万,江苏,3室2厅,朝东,28000元/㎡,2006年建,https://sz.esf.fang.com/chushou/3_404230778.html
苏州,吴中-越溪街与吴中大道交口,92㎡,中层(共18层),越溪小区,166万,江苏,3室1厅,朝西,18043元/㎡,2012年建,https://sz.esf.fang.com/chushou/3_404230779.html
苏州,相城-阳澄湖东路与澄阳路交口,88㎡,低层(共11层),阳澄湖小区,141万,江苏,2室2厅,朝北,16023元/㎡,2011年建,https://sz.esf.fang.com/chushou/3_404230780.html
苏州,吴江-盛泽大道与东方大道交口,105㎡,中层(共26层),盛泽碧桂园,168万,江苏,3室2厅,南北向,16000元/㎡,2019年建,https://sz.esf.fang.com/chushou/3_404230781.html
苏州,昆山-萧林路与青阳路交口,95㎡,中层(共18层),昆山城北小区,162万,江苏,3室1厅,朝南,17053元/㎡,2014年建,https://sz.esf.fang.com/chushou/3_404230782.html
苏州,常熟-黄河路与海虞北路交口,86㎡,低层(共6层),黄河路小区,129万,江苏,2室1厅,朝东,15000元/㎡,2003年建,https://sz.esf.fang.com/chushou/3_404230783.html
苏州,张家港-暨阳中路与港城大道交口,78㎡,高层(共30层),暨阳小区,109万,江苏,2室1厅,朝西,14000元/㎡,2005年建,https://sz.esf.fang.com/chushou/3_404230784.html
苏州,太仓-太平北路与郑和中路交口,90㎡,中层(共18层),太仓新区小区,117万,江苏,3室1厅,朝北,13000元/㎡,2016年建,https://sz.esf.fang.com/chushou/3_404230785.html
苏州,姑苏-干将东路与临顿路交口,102㎡,中层(共24层),干将东路小区,326万,江苏,3室2厅,南北向,32000元/㎡,2004年建,https://sz.esf.fang.com/chushou/3_404230786.html
苏州,工业园区-金鸡湖大道与星湖街交口,125㎡,高层(共32层),金鸡湖花园,625万,江苏,4室2厅,朝南,50000元/㎡,2010年建,https://sz.esf.fang.com/chushou/3_404230787.html
苏州,高新-狮山路与塔园路交口,115㎡,中层(共26层),狮山御园,460万,江苏,3室2厅,朝东,40000元/㎡,2013年建,https://sz.esf.fang.com/chushou/3_404230788.html
苏州,吴中-木渎镇与金山南路交口,100㎡,中层(共18层),木渎小区,200万,江苏,3室2厅,朝西,20000元/㎡,2009年建,https://sz.esf.fang.com/chushou/3_404230789.html
苏州,相城-蠡口大街与春申湖西路交口,85㎡,低层(共6层),蠡口小区,136万,江苏,2室1厅,朝北,16000元/㎡,2007年建,https://sz.esf.fang.com/chushou/3_404230790.html
苏州,吴江-松陵镇与中山南路交口,95㎡,中层(共18层),松陵小区,152万,江苏,3室1厅,南北向,16000元/㎡,2015年建,https://sz.esf.fang.com/chushou/3_404230791.html
苏州,昆山-玉山镇与前进西路交口,105㎡,中层(共26层),玉山小区,179万,江苏,3室2厅,朝南,17048元/㎡,2013年建,https://sz.esf.fang.com/chushou/3_404230792.html
苏州,常熟-虞山镇与方塔北路交口,88㎡,低层(共11层),虞山小区,132万,江苏,2室2厅,朝东,15000元/㎡,2006年建,https://sz.esf.fang.com/chushou/3_404230793.html
苏州,张家港-杨舍镇与沙洲西路交口,80㎡,高层(共30层),杨舍小区,104万,江苏,2室1厅,朝西,13000元/㎡,2017年建,https://sz.esf.fang.com/chushou/3_404230794.html
苏州,太仓-城厢镇与上海东路交口,92㎡,中层(共18层),城厢小区,110万,江苏,3室1厅,朝北,11957元/㎡,2018年建,https://sz.esf.fang.com/chushou/3_404230795.html
无锡,梁溪-中山路与人民路交口,100㎡,中层(共24层),中山路小区,280万,江苏,3室1厅,朝南,28000元/㎡,2004年建,https://wx.esf.fang.com/chushou/3_404230796.html
无锡,滨湖-蠡湖大道与高浪路交口,110㎡,高层(共33层),蠡湖公馆,330万,江苏,3室2厅,南北向,30000元/㎡,2010年建,https://wx.esf.fang.com/chushou/3_404230797.html
无锡,锡山-东亭路与华夏路交口,95㎡,中层(共18层),东亭小区,190万,江苏,3室1厅,朝东,20000元/㎡,2007年建,https://wx.esf.fang.com/chushou/3_404230798.html
无锡,惠山-堰桥路与政和大道交口,85㎡,低层(共6层),堰桥小区,136万,江苏,2室1厅,朝西,16000元/㎡,2003年建,https://wx.esf.fang.com/chushou/3_404230799.html
无锡,新吴-长江北路与金城路交口,90㎡,中层(共18层),长江国际花园,180万,江苏,3室1厅,朝北,20000元/㎡,2012年建,https://wx.esf.fang.com/chushou/3_404230800.html
无锡,江阴-澄江路与虹桥路交口,105㎡,中层(共26层),江阴碧桂园,168万,江苏,3室2厅,南北向,16000元/㎡,2018年建,https://wx.esf.fang.com/chushou/3_404230801.html
无锡,宜兴-宜城街道与陶都路交口,100㎡,中层(共26层),宜兴万达广场,150万,江苏,3室2厅,朝南,15000元/㎡,2016年建,https://wx.esf.fang.com/chushou/3_404230802.html
无锡,梁溪-五爱路与人民路交口,88㎡,低层(共11层),五爱小区,211万,江苏,2室2厅,朝东,24000元/㎡,2005年建,https://wx.esf.fang.com/chushou/3_404230803.html
无锡,滨湖-太湖大道与鸿桥路交口,75㎡,高层(共30层),太湖花园,135万,江苏,2室1厅,朝西,18000元/㎡,2008年建,https://wx.esf.fang.com/chushou/3_404230804.html
无锡,锡山-安镇镇与锡沪路交口,92㎡,中层(共18层),安镇小区,129万,江苏,3室1厅,朝北,14022元/㎡,2019年建,https://wx.esf.fang.com/chushou/3_404230805.html
无锡,梁溪-解放北路与县前街交口,82㎡,低层(共6层),解放北路小区,189万,江苏,2室1厅,南北向,23049元/㎡,2002年建,https://wx.esf.fang.com/chushou/3_404230806.html
无锡,滨湖-蠡湖大道与望山路交口,120㎡,高层(共32层),蠡湖香樟园,480万,江苏,4室2厅,朝南,40000元/㎡,2013年建,https://wx.esf.fang.com/chushou/3_404230807.html
无锡,锡山-锡沪路与友谊路交口,102㎡,中层(共24层),友谊家园,204万,江苏,3室2厅,朝东,20000元/㎡,2009年建,https://wx.esf.fang.com/chushou/3_404230808.html
无锡,惠山-钱桥街道与盛岸路交口,95㎡,中层(共18层),钱桥小区,152万,江苏,3室1厅,朝西,16000元/㎡,2011年建,https://wx.esf.fang.com/chushou/3_404230809.html
无锡,新吴-旺庄路与湘江路交口,86㎡,低层(共11层),旺庄小区,138万,江苏,2室2厅,朝北,16047元/㎡,2010年建,https://wx.esf.fang.com/chushou/3_404230810.html
无锡,江阴-澄江街道与长江路交口,115㎡,中层(共26层),长江国际,230万,江苏,3室2厅,南北向,20000元/㎡,2015年建,https://wx.esf.fang.com/chushou/3_404230811.html
无锡,宜兴-宜城街道与荆邑路交口,105㎡,中层(共26层),荆邑小区,158万,江苏,3室2厅,朝南,15048元/㎡,2017年建,https://wx.esf.fang.com/chushou/3_404230812.html
无锡,梁溪-南长街与永乐路交口,98㎡,中层(共24层),南长街小区,245万,江苏,3室1厅,南北向,25000元/㎡,2006年建,https://wx.esf.fang.com/chushou/3_404230813.html
无锡,滨湖-建筑路与蠡溪路交口,88㎡,高层(共30层),建筑路小区,185万,江苏,2室2厅,朝东,21023元/㎡,2007年建,https://wx.esf.fang.com/chushou/3_404230814.html
无锡,锡山-东北塘镇与东亭路交口,102㎡,中层(共24层),东北塘小区,184万,江苏,3室2厅,朝东,18039元/㎡,2008年建,https://wx.esf.fang.com/chushou/3_404230815.html
无锡,惠山-洛社镇与洛南大道交口,95㎡,低层(共6层),洛社小区,133万,江苏,3室1厅,朝西,14000元/㎡,2004年建,https://wx.esf.fang.com/chushou/3_404230816.html
无锡,新吴-梅村街道与泰伯大道交口,90㎡,中层(共18层),梅里香舍,162万,江苏,3室1厅,朝北,18000元/㎡,2013年建,https://wx.esf.fang.com/chushou/3_404230817.html
无锡,江阴-申港街道与滨江路交口,80㎡,低层(共11层),申港小区,104万,江苏,2室1厅,朝东,13000元/㎡,2005年建,https://wx.esf.fang.com/chushou/3_404230818.html
无锡,宜兴-丁蜀镇与通蜀路交口,85㎡,中层(共18层),丁蜀小区,102万,江苏,2室2厅,朝西,12000元/㎡,2016年建,https://wx.esf.fang.com/chushou/3_404230819.html
无锡,梁溪-清扬路与永乐路交口,100㎡,中层(共24层),清扬康臣,260万,江苏,3室2厅,南北向,26000元/㎡,2010年建,https://wx.esf.fang.com/chushou/3_404230820.html
无锡,滨湖-华庄街道与震泽路交口,110㎡,高层(共30层),华庄小区,220万,江苏,3室2厅,朝南,20000元/㎡,2014年建,https://wx.esf.fang.com/chushou/3_404230821.html
无锡,锡山-东港镇与港下街交口,75㎡,低层(共6层),东港小区,90万,江苏,2室1厅,朝东,12000元/㎡,2003年建,https://wx.esf.fang.com/chushou/3_404230822.html
无锡,惠山-前洲街道与堰玉路交口,82㎡,中层(共18层),前洲小区,107万,江苏,2室2厅,朝西,13049元/㎡,2015年建,https://wx.esf.fang.com/chushou/3_404230823.html
无锡,新吴-鸿山街道与锡梅路交口,90㎡,中层(共18层),鸿山小区,135万,江苏,3室1厅,朝北,15000元/㎡,2017年建,https://wx.esf.fang.com/chushou/3_404230824.html
无锡,江阴-周庄镇与周庄路交口,86㎡,低层(共11层),周庄小区,112万,江苏,2室2厅,南北向,13023元/㎡,2006年建,https://wx.esf.fang.com/chushou/3_404230825.html
无锡,宜兴-张渚镇与张渚路交口,80㎡,低层(共6层),张渚小区,96万,江苏,2室1厅,朝南,12000元/㎡,2004年建,https://wx.esf.fang.com/chushou/3_404230826.html
合肥,蜀山-望江西路与怀宁路交口,100㎡,中层(共24层),华润橡树湾,180万,安徽,3室2厅,南北向,18000元/㎡,2012年建,https://hf.esf.fang.com/chushou/3_404230827.html
合肥,包河-徽州大道与龙川路交口,115㎡,高层(共33层),高铁都市花园,207万,安徽,3室2厅,朝南,18000元/㎡,2016年建,https://hf.esf.fang.com/chushou/3_404230828.html
合肥,庐阳-北一环与亳州路交口,85㎡,低层(共6层),亳州路小区,128万,安徽,2室1厅,朝东,15059元/㎡,2005年建,https://hf.esf.fang.com/chushou/3_404230829.html
合肥,瑶海-长江东路与龙岗路交口,90㎡,中层(共18层),保利东郡,135万,安徽,3室1厅,朝西,15000元/㎡,2015年建,https://hf.esf.fang.com/chushou/3_404230830.html
合肥,高新-创新大道与燕子河路交口,120㎡,中层(共26层),祥源城,216万,安徽,4室2厅,朝北,18000元/㎡,2016年建,https://hf.esf.fang.com/chushou/3_404230831.html
合肥,经开-翡翠路与石门路交口,95㎡,中层(共18层),中环云邸,143万,安徽,3室1厅,南北向,15053元/㎡,2011年建,https://hf.esf.fang.com/chushou/3_404230832.html
合肥,新站-淮海大道与铜陵北路交口,80㎡,高层(共30层),家天下,104万,安徽,2室2厅,朝南,13000元/㎡,2009年建,https://hf.esf.fang.com/chushou/3_404230833.html
合肥,蜀山-潜山路与清溪路交口,105㎡,中层(共28层),万科森林公园,221万,安徽,3室2厅,朝东,21048元/㎡,2014年建,https://hf.esf.fang.com/chushou/3_404230834.html
合肥,包河-马鞍山路与南一环交口,110㎡,低层(共11层),金地国际城,187万,安徽,3室2厅,朝西,17000元/㎡,2008年建,https://hf.esf.fang.com/chushou/3_404230835.html
合肥,庐阳-阜阳路与固镇路交口,75㎡,低层(共6层),和煦园,98万,安徽,2室1厅,朝北,13067元/㎡,2005年建,https://hf.esf.fang.com/chushou/3_404230836.html
合肥,瑶海-明光路与长江东大街交口,92㎡,中层(共24层),恒大城,138万,安徽,3室1厅,南北向,15000元/㎡,2013年建,https://hf.esf.fang.com/chushou/3_404230837.html
合肥,高新-科学大道与习友路交口,125㎡,高层(共30层),保利梧桐语,210万,安徽,4室2厅,朝南,16800元/㎡,2015年建,https://hf.esf.fang.com/chushou/3_404230838.html
合肥,经开-莲花路与紫蓬路交口,88㎡,中层(共18层),观澜华庭,123万,安徽,2室2厅,朝东,13977元/㎡,2012年建,https://hf.esf.fang.com/chushou/3_404230839.html
合肥,新站-新蚌埠路与北二环交口,100㎡,低层(共11层),京商商贸城,130万,安徽,3室1厅,朝西,13000元/㎡,2014年建,https://hf.esf.fang.com/chushou/3_404230840.html
合肥,蜀山-合作化路与望江西路交口,118㎡,中层(共26层),万科金域华府,236万,安徽,3室2厅,朝北,20000元/㎡,2011年建,https://hf.esf.fang.com/chushou/3_404230841.html
合肥,包河-宿松路与太湖路交口,78㎡,高层(共33层),铂金汉宫,109万,安徽,2室1厅,南北向,14000元/㎡,2010年建,https://hf.esf.fang.com/chushou/3_404230842.html
合肥,庐阳-北二环与四里河路交口,122㎡,中层(共24层),明发商业广场,183万,安徽,4室2厅,朝南,15000元/㎡,2008年建,https://hf.esf.fang.com/chushou/3_404230843.html
合肥,瑶海-长江东大街与肥东路交口,93㎡,低层(共6层),和平家园,121万,安徽,3室1厅,朝东,13011元/㎡,2006年建,https://hf.esf.fang.com/chushou/3_404230844.html
合肥,高新-创新大道与望江西路交口,135㎡,高层(共32层),海亮九玺,243万,安徽,4室2厅,朝西,18000元/㎡,2016年建,https://hf.esf.fang.com/chushou/3_404230845.html
合肥,经开-天都路与芙蓉路交口,82㎡,中层(共18层),御景前城,111万,安徽,2室2厅,朝北,13537元/㎡,2013年建,https://hf.esf.fang.com/chushou/3_404230846.html
合肥,新站-淮海大道与梦溪路交口,95㎡,高层(共30层),禹洲中央城,133万,安徽,3室2厅,南北向,14000元/㎡,2015年建,https://hf.esf.fang.com/chushou/3_404230847.html
合肥,蜀山-青阳路与贵池路交口,108㎡,中层(共24层),安居苑,173万,安徽,3室2厅,朝南,16019元/㎡,2004年建,https://hf.esf.fang.com/chushou/3_404230848.html
合肥,包河-徽州大道与祁门路交口,112㎡,低层(共11层),绿地中心,179万,安徽,3室2厅,朝东,16000元/㎡,2014年建,https://hf.esf.fang.com/chushou/3_404230849.html
合肥,庐阳-蒙城路与北一环交口,72㎡,高层(共33层),金鼎国际,94万,安徽,2室1厅,朝西,13056元/㎡,2007年建,https://hf.esf.fang.com/chushou/3_404230850.html
合肥,瑶海-当涂路与新安江路交口,102㎡,中层(共26层),保利东郡,143万,安徽,3室2厅,朝北,14020元/㎡,2015年建,https://hf.esf.fang.com/chushou/3_404230851.html
合肥,高新-习友路与科学大道交口,128㎡,高层(共30层),百商悦澜山,218万,安徽,4室2厅,南北向,17031元/㎡,2014年建,https://hf.esf.fang.com/chushou/3_404230852.html
合肥,经开-金寨路与繁华大道交口,90㎡,中层(共18层),中环城,135万,安徽,3室1厅,朝南,15000元/㎡,2011年建,https://hf.esf.fang.com/chushou/3_404230853.html
合肥,新站-淮海大道与铜陵路交口,86㎡,低层(共11层),文一陶冲湖城市广场,112万,安徽,2室2厅,朝东,13023元/㎡,2016年建,https://hf.esf.fang.com/chushou/3_404230854.html
合肥,蜀山-怀宁路与南二环交口,115㎡,中层(共28层),华润凯旋门,253万,安徽,3室2厅,朝西,22000元/㎡,2013年建,https://hf.esf.fang.com/chushou/3_404230855.html
合肥,蜀山-长江西路与科学大道交口,110㎡,高层(共33层),拓基城市广场,165万,安徽,3室2厅,朝北,15000元/㎡,2010年建,https://hf.esf.fang.com/chushou/3_404230856.html
合肥,包河-马鞍山路与太湖路交口,85㎡,低层(共6层),金地国际城,119万,安徽,2室1厅,南北向,14000元/㎡,2008年建,https://hf.esf.fang.com/chushou/3_404230857.html
合肥,庐阳-北一环与蒙城路交口,120㎡,中层(共24层),财富广场,192万,安徽,3室2厅,朝南,16000元/㎡,2012年建,https://hf.esf.fang.com/chushou/3_404230858.html
合肥,瑶海-长江东路与郎溪路交口,75㎡,高层(共30层),保利东郡,98万,安徽,2室1厅,朝东,13067元/㎡,2015年建,https://hf.esf.fang.com/chushou/3_404230859.html
合肥,高新-望江西路与创新大道交口,130㎡,中层(共26层),祥源城,221万,安徽,4室2厅,朝西,17000元/㎡,2016年建,https://hf.esf.fang.com/chushou/3_404230860.html
合肥,经开-翡翠路与繁华大道交口,95㎡,低层(共11层),中环云邸,143万,安徽,3室1厅,朝北,15053元/㎡,2011年建,https://hf.esf.fang.com/chushou/3_404230861.html
合肥,新站-铜陵北路与物流大道交口,80㎡,中层(共18层),家天下,104万,安徽,2室2厅,南北向,13000元/㎡,2009年建,https://hf.esf.fang.com/chushou/3_404230862.html
合肥,蜀山-潜山路与黄山路交口,105㎡,高层(共32层),华润幸福里,179万,安徽,3室2厅,朝南,17048元/㎡,2014年建,https://hf.esf.fang.com/chushou/3_404230863.html
合肥,包河-马鞍山路与南二环交口,115㎡,中层(共28层),望湖城,184万,安徽,3室2厅,朝东,16000元/㎡,2007年建,https://hf.esf.fang.com/chushou/3_404230864.html
合肥,庐阳-阜阳路与临泉路交口,70㎡,低层(共6层),和煦园,91万,安徽,2室1厅,朝西,13000元/㎡,2005年建,https://hf.esf.fang.com/chushou/3_404230865.html
合肥,瑶海-明光路与胜利路交口,92㎡,中层(共24层),恒大城,138万,安徽,3室1厅,朝北,15000元/㎡,2013年建,https://hf.esf.fang.com/chushou/3_404230866.html
合肥,高新-科学大道与习友路交口,125㎡,高层(共30层),保利梧桐语,210万,安徽,4室2厅,南北向,16800元/㎡,2015年建,https://hf.esf.fang.com/chushou/3_404230867.html
合肥,经开-莲花路与锦绣大道交口,88㎡,中层(共18层),观澜华庭,123万,安徽,2室2厅,朝南,13977元/㎡,2012年建,https://hf.esf.fang.com/chushou/3_404230868.html
合肥,新站-淮海大道与铜陵路交口,100㎡,低层(共11层),京商商贸城,130万,安徽,3室1厅,朝东,13000元/㎡,2014年建,https://hf.esf.fang.com/chushou/3_404230869.html
合肥,蜀山-合作化路与望江西路交口,118㎡,中层(共26层),万科金域华府,236万,安徽,3室2厅,朝西,20000元/㎡,2011年建,https://hf.esf.fang.com/chushou/3_404230870.html
合肥,包河-马鞍山路与九华山路交口,78㎡,高层(共33层),铂金汉宫,109万,安徽,2室1厅,朝北,14000元/㎡,2010年建,https://hf.esf.fang.com/chushou/3_404230871.html
合肥,庐阳-北二环与四里河路交口,122㎡,中层(共24层),明发商业广场,183万,安徽,4室2厅,南北向,15000元/㎡,2008年建,https://hf.esf.fang.com/chushou/3_404230872.html
合肥,瑶海-长江东大街与肥东路交口,93㎡,低层(共6层),和平家园,121万,安徽,3室1厅,朝南,13011元/㎡,2006年建,https://hf.esf.fang.com/chushou/3_404230873.html
合肥,高新-创新大道与望江西路交口,135㎡,高层(共32层),海亮九玺,243万,安徽,4室2厅,朝东,18000元/㎡,2016年建,https://hf.esf.fang.com/chushou/3_404230874.html
合肥,经开-天都路与芙蓉路交口,82㎡,中层(共18层),御景前城,111万,安徽,2室2厅,朝西,13537元/㎡,2013年建,https://hf.esf.fang.com/chushou/3_404230875.html
合肥,新站-新蚌埠路与北二环交口,95㎡,高层(共30层),禹洲中央城,133万,安徽,3室2厅,朝北,14000元/㎡,2015年建,https://hf.esf.fang.com/chushou/3_404230876.html
合肥,蜀山-青阳路与贵池路交口,108㎡,中层(共24层),安居苑,173万,安徽,3室2厅,南北向,16019元/㎡,2004年建,https://hf.esf.fang.com/chushou/3_404230877.html
合肥,包河-宿松路与祁门路交口,112㎡,低层(共11层),绿地中心,179万,安徽,3室2厅,朝南,16000元/㎡,2014年建,https://hf.esf.fang.com/chushou/3_404230878.html
合肥,庐阳-蒙城路与北一环交口,72㎡,高层(共33层),金鼎国际,94万,安徽,2室1厅,朝东,13056元/㎡,2007年建,https://hf.esf.fang.com/chushou/3_404230879.html
合肥,瑶海-当涂路与新安江路交口,102㎡,中层(共26层),保利东郡,143万,安徽,3室2厅,朝西,14020元/㎡,2015年建,https://hf.esf.fang.com/chushou/3_404230880.html
合肥,高新-习友路与科学大道交口,128㎡,高层(共30层),百商悦澜山,218万,安徽,4室2厅,朝北,17031元/㎡,2014年建,https://hf.esf.fang.com/chushou/3_404230881.html
合肥,经开-金寨路与繁华大道交口,90㎡,中层(共18层),中环城,135万,安徽,3室1厅,南北向,15000元/㎡,2011年建,https://hf.esf.fang.com/chushou/3_404230882.html
合肥,新站-淮海大道与梦溪路交口,86㎡,低层(共11层),文一陶冲湖城市广场,112万,安徽,2室2厅,朝南,13023元/㎡,2016年建,https://hf.esf.fang.com/chushou/3_404230883.html
合肥,蜀山-怀宁路与南二环交口,115㎡,中层(共28层),华润凯旋门,253万,安徽,3室2厅,朝东,22000元/㎡,2013年建,https://hf.esf.fang.com/chushou/3_404230884.html
合肥,蜀山-长江西路与科学大道交口,110㎡,高层(共33层),拓基城市广场,165万,安徽,3室2厅,朝西,15000元/㎡,2010年建,https://hf.esf.fang.com/chushou/3_404230885.html
合肥,包河-马鞍山路与太湖路交口,85㎡,低层(共6层),金地国际城,119万,安徽,2室1厅,朝北,14000元/㎡,2008年建,https://hf.esf.fang.com/chushou/3_404230886.html
合肥,庐阳-北一环与蒙城路交口,120㎡,中层(共24层),财富广场,192万,安徽,3室2厅,南北向,16000元/㎡,2012年建,https://hf.esf.fang.com/chushou/3_404230887.html
合肥,瑶海-长江东路与郎溪路交口,75㎡,高层(共30层),保利东郡,98万,安徽,2室1厅,朝南,13067元/㎡,2015年建,https://hf.esf.fang.com/chushou/3_404230888.html
合肥,高新-望江西路与创新大道交口,130㎡,中层(共26层),祥源城,221万,安徽,4室2厅,朝东,17000元/㎡,2016年建,https://hf.esf.fang.com/chushou/3_404230889.html
合肥,经开-翡翠路与繁华大道交口,95㎡,低层(共11层),中环云邸,143万,安徽,3室1厅,朝西,15053元/㎡,2011年建,https://hf.esf.fang.com/chushou/3_404230890.html
合肥,新站-铜陵北路与物流大道交口,80㎡,中层(共18层),家天下,104万,安徽,2室2厅,朝北,13000元/㎡,2009年建,https://hf.esf.fang.com/chushou/3_404230891.html
合肥,蜀山-潜山路与黄山路交口,105㎡,高层(共32层),华润幸福里,179万,安徽,3室2厅,南北向,17048元/㎡,2014年建,https://hf.esf.fang.com/chushou/3_404230892.html
合肥,包河-马鞍山路与南二环交口,115㎡,中层(共28层),望湖城,184万,安徽,3室2厅,朝南,16000元/㎡,2007年建,https://hf.esf.fang.com/chushou/3_404230893.html
合肥,庐阳-阜阳路与临泉路交口,70㎡,低层(共6层),和煦园,91万,安徽,2室1厅,朝东,13000元/㎡,2005年建,https://hf.esf.fang.com/chushou/3_404230894.html
合肥,瑶海-明光路与胜利路交口,92㎡,中层(共24层),恒大城,138万,安徽,3室1厅,朝西,15000元/㎡,2013年建,https://hf.esf.fang.com/chushou/3_404230895.html
合肥,高新-科学大道与习友路交口,125㎡,高层(共30层),保利梧桐语,210万,安徽,4室2厅,朝北,16800元/㎡,2015年建,https://hf.esf.fang.com/chushou/3_404230896.html
合肥,经开-莲花路与锦绣大道交口,88㎡,中层(共18层),观澜华庭,123万,安徽,2室2厅,南北向,13977元/㎡,2012年建,https://hf.esf.fang.com/chushou/3_404230897.html
合肥,新站-淮海大道与铜陵路交口,100㎡,低层(共11层),京商商贸城,130万,安徽,3室1厅,朝南,13000元/㎡,2014年建,https://hf.esf.fang.com/chushou/3_404230898.html
合肥,蜀山-合作化路与望江西路交口,118㎡,中层(共26层),万科金域华府,236万,安徽,3室2厅,朝东,20000元/㎡,2011年建,https://hf.esf.fang.com/chushou/3_404230899.html
合肥,包河-马鞍山路与九华山路交口,78㎡,高层(共33层),铂金汉宫,109万,安徽,2室1厅,朝西,14000元/㎡,2010年建,https://hf.esf.fang.com/chushou/3_404230900.html