key,amount,timestamp,category
hot_key_0,7230.693331447995,2026-03-28T16:24:42.623+08:00,premium
hot_key_0,6920.907924503939,2026-03-28T16:24:42.623+08:00,premium
hot_key_0,5699.86746103461,2026-03-28T16:24:42.623+08:00,premium
hot_key_1,5171.981866956876,2026-03-28T16:24:42.623+08:00,premium
hot_key_1,1678.7173272542327,2026-03-28T16:24:42.623+08:00,premium
hot_key_1,9713.716837877322,2026-03-28T16:24:42.623+08:00,premium
hot_key_2,7336.45193744031,2026-03-28T16:24:42.623+08:00,premium
hot_key_2,3889.0446668071063,2026-03-28T16:24:42.623+08:00,premium
hot_key_2,5242.747119754767,2026-03-28T16:24:42.623+08:00,premium
normal_key_0,131.61008872478394,2026-03-28T16:24:42.623+08:00,standard
normal_key_0,613.03212788169,2026-03-28T16:24:42.623+08:00,standard
normal_key_0,703.324751531024,2026-03-28T16:24:42.623+08:00,standard
normal_key_0,581.3602520974531,2026-03-28T16:24:42.623+08:00,standard
normal_key_0,646.874782748297,2026-03-28T16:24:42.623+08:00,standard
normal_key_0,143.5537661771138,2026-03-28T16:24:42.623+08:00,standard
normal_key_0,280.44965763217914,2026-03-28T16:24:42.623+08:00,standard
normal_key_0,612.7701559587625,2026-03-28T16:24:42.623+08:00,standard
normal_key_0,708.8958834483919,2026-03-28T16:24:42.623+08:00,standard
normal_key_0,601.8184678380877,2026-03-28T16:24:42.623+08:00,standard
normal_key_0,85.76020787078666,2026-03-28T16:24:42.623+08:00,standard
normal_key_0,344.8801801880321,2026-03-28T16:24:42.623+08:00,standard
normal_key_0,38.6543260776142,2026-03-28T16:24:42.623+08:00,standard
normal_key_0,842.9204762838621,2026-03-28T16:24:42.623+08:00,standard
normal_key_0,327.9692817886063,2026-03-28T16:24:42.623+08:00,standard
normal_key_0,600.3159879218122,2026-03-28T16:24:42.623+08:00,standard
normal_key_0,739.202225425582,2026-03-28T16:24:42.623+08:00,standard
normal_key_0,293.17557226912993,2026-03-28T16:24:42.623+08:00,standard
normal_key_0,120.79259791972402,2026-03-28T16:24:42.623+08:00,standard
normal_key_0,911.0655051527948,2026-03-28T16:24:42.623+08:00,standard
normal_key_1,845.9515320499511,2026-03-28T16:24:42.623+08:00,standard
normal_key_1,897.6284043492866,2026-03-28T16:24:42.623+08:00,standard
normal_key_1,318.90768548118484,2026-03-28T16:24:42.623+08:00,standard
normal_key_1,828.499910588987,2026-03-28T16:24:42.623+08:00,standard
normal_key_1,689.7222366808955,2026-03-28T16:24:42.623+08:00,standard
normal_key_1,59.55579122250678,2026-03-28T16:24:42.623+08:00,standard
normal_key_1,643.4790283839283,2026-03-28T16:24:42.623+08:00,standard
normal_key_1,839.7459671088309,2026-03-28T16:24:42.623+08:00,standard
normal_key_1,392.29097258330773,2026-03-28T16:24:42.623+08:00,standard
normal_key_1,783.7091839585257,2026-03-28T16:24:42.623+08:00,standard
normal_key_1,698.2679727805422,2026-03-28T16:24:42.623+08:00,standard
normal_key_1,965.568001298837,2026-03-28T16:24:42.623+08:00,standard
normal_key_1,397.7766263402454,2026-03-28T16:24:42.623+08:00,standard
normal_key_1,496.50337014874816,2026-03-28T16:24:42.623+08:00,standard
normal_key_1,765.2943338678302,2026-03-28T16:24:42.623+08:00,standard
normal_key_1,484.2796536548488,2026-03-28T16:24:42.623+08:00,standard
normal_key_1,829.0679640470668,2026-03-28T16:24:42.623+08:00,standard
normal_key_1,954.3853004987575,2026-03-28T16:24:42.623+08:00,standard
normal_key_1,440.52693285353365,2026-03-28T16:24:42.623+08:00,standard
normal_key_1,320.36017704547925,2026-03-28T16:24:42.623+08:00,standard
normal_key_2,592.4554192573562,2026-03-28T16:24:42.623+08:00,standard
normal_key_2,32.58158054656825,2026-03-28T16:24:42.623+08:00,standard
normal_key_2,221.42631716437972,2026-03-28T16:24:42.623+08:00,standard
normal_key_2,748.6867354143089,2026-03-28T16:24:42.623+08:00,standard
normal_key_2,380.97100147210034,2026-03-28T16:24:42.623+08:00,standard
normal_key_2,656.4952798385624,2026-03-28T16:24:42.623+08:00,standard
normal_key_2,586.1123458794106,2026-03-28T16:24:42.623+08:00,standard
normal_key_2,70.79294644838664,2026-03-28T16:24:42.623+08:00,standard
normal_key_2,819.189848775945,2026-03-28T16:24:42.623+08:00,standard
normal_key_2,814.6507846058389,2026-03-28T16:24:42.623+08:00,standard
normal_key_2,633.4229984621434,2026-03-28T16:24:42.623+08:00,standard
normal_key_2,794.345896944773,2026-03-28T16:24:42.623+08:00,standard
normal_key_2,182.8104598438988,2026-03-28T16:24:42.623+08:00,standard
normal_key_2,564.5714574082863,2026-03-28T16:24:42.623+08:00,standard
normal_key_2,997.33343912794,2026-03-28T16:24:42.623+08:00,standard
normal_key_2,990.2210731950098,2026-03-28T16:24:42.623+08:00,standard
normal_key_2,448.06073135806105,2026-03-28T16:24:42.623+08:00,standard
normal_key_2,420.9512424008518,2026-03-28T16:24:42.623+08:00,standard
normal_key_2,586.4651506547709,2026-03-28T16:24:42.623+08:00,standard
normal_key_2,273.0169457546212,2026-03-28T16:24:42.623+08:00,standard
normal_key_3,935.0304960200582,2026-03-28T16:24:42.623+08:00,standard
normal_key_3,968.6591764233756,2026-03-28T16:24:42.623+08:00,standard
normal_key_3,420.826692931102,2026-03-28T16:24:42.623+08:00,standard
normal_key_3,207.00017080003556,2026-03-28T16:24:42.623+08:00,standard
normal_key_3,903.4347427333166,2026-03-28T16:24:42.623+08:00,standard
normal_key_3,132.0870618254907,2026-03-28T16:24:42.623+08:00,standard
normal_key_3,896.5994749549218,2026-03-28T16:24:42.623+08:00,standard
normal_key_3,705.9632467658688,2026-03-28T16:24:42.623+08:00,standard
normal_key_3,275.10005499527483,2026-03-28T16:24:42.623+08:00,standard
normal_key_3,286.2152581001646,2026-03-28T16:24:42.623+08:00,standard
normal_key_3,977.7879365298694,2026-03-28T16:24:42.623+08:00,standard
normal_key_3,295.2145188519731,2026-03-28T16:24:42.623+08:00,standard
normal_key_3,760.5212262638677,2026-03-28T16:24:42.623+08:00,standard
normal_key_3,469.0785248058395,2026-03-28T16:24:42.623+08:00,standard
normal_key_3,809.375766868097,2026-03-28T16:24:42.623+08:00,standard
normal_key_3,593.649813644488,2026-03-28T16:24:42.623+08:00,standard
normal_key_3,772.1786077854921,2026-03-28T16:24:42.623+08:00,standard
normal_key_3,198.59492605788134,2026-03-28T16:24:42.623+08:00,standard
normal_key_3,331.31957692790013,2026-03-28T16:24:42.623+08:00,standard
normal_key_3,848.8996226582185,2026-03-28T16:24:42.623+08:00,standard
normal_key_4,684.1718828469466,2026-03-28T16:24:42.623+08:00,standard
normal_key_4,307.7853212224823,2026-03-28T16:24:42.623+08:00,standard
normal_key_4,358.1385685888647,2026-03-28T16:24:42.623+08:00,standard
normal_key_4,585.7650549718649,2026-03-28T16:24:42.623+08:00,standard
normal_key_4,375.1085084706062,2026-03-28T16:24:42.623+08:00,standard
normal_key_4,271.2390249911498,2026-03-28T16:24:42.623+08:00,standard
normal_key_4,106.3055004883558,2026-03-28T16:24:42.623+08:00,standard
normal_key_4,185.70672604047238,2026-03-28T16:24:42.623+08:00,standard
normal_key_4,753.1907349796602,2026-03-28T16:24:42.623+08:00,standard
normal_key_4,946.5507622527741,2026-03-28T16:24:42.623+08:00,standard
normal_key_4,681.7376295916572,2026-03-28T16:24:42.623+08:00,standard
normal_key_4,178.66326224382453,2026-03-28T16:24:42.623+08:00,standard
normal_key_4,519.2926433271049,2026-03-28T16:24:42.623+08:00,standard
normal_key_4,98.73921602891393,2026-03-28T16:24:42.623+08:00,standard
normal_key_4,16.187783438642434,2026-03-28T16:24:42.623+08:00,standard
normal_key_4,321.442468502776,2026-03-28T16:24:42.623+08:00,standard
normal_key_4,42.94310913454495,2026-03-28T16:24:42.623+08:00,standard
normal_key_4,164.87090854486803,2026-03-28T16:24:42.623+08:00,standard
normal_key_4,911.5664241694207,2026-03-28T16:24:42.623+08:00,standard
normal_key_4,154.56129368739494,2026-03-28T16:24:42.623+08:00,standard
normal_key_5,648.217268477538,2026-03-28T16:24:42.623+08:00,standard
normal_key_5,393.8314188259378,2026-03-28T16:24:42.623+08:00,standard
normal_key_5,771.0891290269025,2026-03-28T16:24:42.623+08:00,standard
normal_key_5,766.7861242925195,2026-03-28T16:24:42.623+08:00,standard
normal_key_5,597.7831045466967,2026-03-28T16:24:42.623+08:00,standard
normal_key_5,45.428594369783056,2026-03-28T16:24:42.623+08:00,standard
normal_key_5,609.4200476955491,2026-03-28T16:24:42.623+08:00,standard
normal_key_5,281.67827105873243,2026-03-28T16:24:42.623+08:00,standard
normal_key_5,366.422769202574,2026-03-28T16:24:42.623+08:00,standard
normal_key_5,365.42507422732666,2026-03-28T16:24:42.623+08:00,standard
normal_key_5,950.7075625966577,2026-03-28T16:24:42.623+08:00,standard
normal_key_5,557.0995383311821,2026-03-28T16:24:42.623+08:00,standard
normal_key_5,645.3154313765623,2026-03-28T16:24:42.623+08:00,standard
normal_key_5,299.17505394229255,2026-03-28T16:24:42.623+08:00,standard
normal_key_5,176.82522511362615,2026-03-28T16:24:42.623+08:00,standard
normal_key_5,620.6519476419958,2026-03-28T16:24:42.623+08:00,standard
normal_key_5,782.3478168649228,2026-03-28T16:24:42.623+08:00,standard
normal_key_5,563.5812002521063,2026-03-28T16:24:42.623+08:00,standard
normal_key_5,778.5018521397592,2026-03-28T16:24:42.623+08:00,standard
normal_key_5,802.1796896903656,2026-03-28T16:24:42.623+08:00,standard
normal_key_6,382.9873368160483,2026-03-28T16:24:42.623+08:00,standard
normal_key_6,203.04581551053778,2026-03-28T16:24:42.623+08:00,standard
normal_key_6,430.6010347820882,2026-03-28T16:24:42.623+08:00,standard
normal_key_6,730.3330990651021,2026-03-28T16:24:42.623+08:00,standard
normal_key_6,436.36869170266294,2026-03-28T16:24:42.623+08:00,standard
normal_key_6,18.767867169898338,2026-03-28T16:24:42.623+08:00,standard
normal_key_6,239.65609042837568,2026-03-28T16:24:42.623+08:00,standard
normal_key_6,733.2919982125342,2026-03-28T16:24:42.623+08:00,standard
normal_key_6,948.8277860587589,2026-03-28T16:24:42.623+08:00,standard
normal_key_6,977.1298014706588,2026-03-28T16:24:42.623+08:00,standard
normal_key_6,778.6576325316818,2026-03-28T16:24:42.623+08:00,standard
normal_key_6,227.965945015866,2026-03-28T16:24:42.623+08:00,standard
normal_key_6,707.9219199283514,2026-03-28T16:24:42.623+08:00,standard
normal_key_6,130.0837413063966,2026-03-28T16:24:42.623+08:00,standard
normal_key_6,989.341724414233,2026-03-28T16:24:42.623+08:00,standard
normal_key_6,154.85591433410943,2026-03-28T16:24:42.623+08:00,standard
normal_key_6,441.1048302189243,2026-03-28T16:24:42.623+08:00,standard
normal_key_6,336.65008984485456,2026-03-28T16:24:42.623+08:00,standard
normal_key_6,655.6356106394,2026-03-28T16:24:42.623+08:00,standard
normal_key_6,416.42285956734946,2026-03-28T16:24:42.623+08:00,standard
normal_key_7,120.25504350219927,2026-03-28T16:24:42.623+08:00,standard
normal_key_7,733.9423231242857,2026-03-28T16:24:42.623+08:00,standard
normal_key_7,148.55384295660085,2026-03-28T16:24:42.623+08:00,standard
normal_key_7,34.89252980898187,2026-03-28T16:24:42.623+08:00,standard
normal_key_7,964.6267428419492,2026-03-28T16:24:42.623+08:00,standard
normal_key_7,489.68981076253976,2026-03-28T16:24:42.623+08:00,standard
normal_key_7,645.9364052971138,2026-03-28T16:24:42.623+08:00,standard
normal_key_7,188.3398605256827,2026-03-28T16:24:42.623+08:00,standard
normal_key_7,899.9936517151244,2026-03-28T16:24:42.623+08:00,standard
normal_key_7,515.3850124197215,2026-03-28T16:24:42.623+08:00,standard
normal_key_7,560.8240440725691,2026-03-28T16:24:42.623+08:00,standard
normal_key_7,127.36798777233518,2026-03-28T16:24:42.623+08:00,standard
normal_key_7,203.1364012584805,2026-03-28T16:24:42.623+08:00,standard
normal_key_7,90.67040173194036,2026-03-28T16:24:42.623+08:00,standard
normal_key_7,775.938328525548,2026-03-28T16:24:42.623+08:00,standard
normal_key_7,996.7582884409314,2026-03-28T16:24:42.623+08:00,standard
normal_key_7,80.92871119370565,2026-03-28T16:24:42.623+08:00,standard
normal_key_7,802.6953030881169,2026-03-28T16:24:42.623+08:00,standard
normal_key_7,490.84029595141754,2026-03-28T16:24:42.623+08:00,standard
normal_key_7,96.80305733379828,2026-03-28T16:24:42.623+08:00,standard
normal_key_8,646.6517963911333,2026-03-28T16:24:42.623+08:00,standard
normal_key_8,881.8323628793543,2026-03-28T16:24:42.623+08:00,standard
normal_key_8,555.388556622807,2026-03-28T16:24:42.623+08:00,standard
normal_key_8,784.2932901017642,2026-03-28T16:24:42.623+08:00,standard
normal_key_8,400.43951878249516,2026-03-28T16:24:42.623+08:00,standard
normal_key_8,666.1860087786766,2026-03-28T16:24:42.623+08:00,standard
normal_key_8,267.8322128258515,2026-03-28T16:24:42.623+08:00,standard
normal_key_8,785.273523256022,2026-03-28T16:24:42.623+08:00,standard
normal_key_8,368.6723636557484,2026-03-28T16:24:42.623+08:00,standard
normal_key_8,277.7122865355126,2026-03-28T16:24:42.623+08:00,standard
normal_key_8,322.88173583285123,2026-03-28T16:24:42.623+08:00,standard
normal_key_8,215.49430296763663,2026-03-28T16:24:42.623+08:00,standard
normal_key_8,322.74378312817083,2026-03-28T16:24:42.623+08:00,standard
normal_key_8,709.7882961700549,2026-03-28T16:24:42.623+08:00,standard
normal_key_8,737.2593075038658,2026-03-28T16:24:42.623+08:00,standard
normal_key_8,796.5905618508779,2026-03-28T16:24:42.623+08:00,standard
normal_key_8,703.09129686133,2026-03-28T16:24:42.623+08:00,standard
normal_key_8,296.68557205616935,2026-03-28T16:24:42.623+08:00,standard
normal_key_8,241.74270548211442,2026-03-28T16:24:42.623+08:00,standard
normal_key_8,62.40892154016662,2026-03-28T16:24:42.623+08:00,standard
normal_key_9,258.8664361953271,2026-03-28T16:24:42.623+08:00,standard
normal_key_9,800.8616524347392,2026-03-28T16:24:42.623+08:00,standard
normal_key_9,961.9808945321552,2026-03-28T16:24:42.623+08:00,standard
normal_key_9,36.722840311574636,2026-03-28T16:24:42.623+08:00,standard
normal_key_9,386.3372230565698,2026-03-28T16:24:42.623+08:00,standard
normal_key_9,931.6022111807315,2026-03-28T16:24:42.623+08:00,standard
normal_key_9,484.100750807631,2026-03-28T16:24:42.623+08:00,standard
normal_key_9,832.6952009311593,2026-03-28T16:24:42.623+08:00,standard
normal_key_9,810.1925771231481,2026-03-28T16:24:42.623+08:00,standard
normal_key_9,768.2278680027364,2026-03-28T16:24:42.623+08:00,standard
normal_key_9,641.2168531652972,2026-03-28T16:24:42.623+08:00,standard
normal_key_9,724.7945137798938,2026-03-28T16:24:42.623+08:00,standard
normal_key_9,122.4899731466416,2026-03-28T16:24:42.623+08:00,standard
normal_key_9,270.0272931327486,2026-03-28T16:24:42.623+08:00,standard
normal_key_9,72.05399312313503,2026-03-28T16:24:42.623+08:00,standard
normal_key_9,921.355107032173,2026-03-28T16:24:42.623+08:00,standard
normal_key_9,614.792551654111,2026-03-28T16:24:42.623+08:00,standard
normal_key_9,45.52905157567922,2026-03-28T16:24:42.623+08:00,standard
normal_key_9,145.52106347996,2026-03-28T16:24:42.623+08:00,standard
normal_key_9,119.53319373312404,2026-03-28T16:24:42.623+08:00,standard
normal_key_10,829.021183201072,2026-03-28T16:24:42.623+08:00,standard
normal_key_10,967.4026892690907,2026-03-28T16:24:42.623+08:00,standard
normal_key_10,344.2260042931677,2026-03-28T16:24:42.623+08:00,standard
normal_key_10,343.0871567460629,2026-03-28T16:24:42.623+08:00,standard
normal_key_10,534.832899237124,2026-03-28T16:24:42.623+08:00,standard
normal_key_10,606.3290525102009,2026-03-28T16:24:42.623+08:00,standard
normal_key_10,360.88087854333855,2026-03-28T16:24:42.623+08:00,standard
normal_key_10,769.146657724074,2026-03-28T16:24:42.623+08:00,standard
normal_key_10,19.14619717906348,2026-03-28T16:24:42.623+08:00,standard
normal_key_10,487.4034084183724,2026-03-28T16:24:42.623+08:00,standard
normal_key_10,749.5108048709018,2026-03-28T16:24:42.623+08:00,standard
normal_key_10,242.09571186879032,2026-03-28T16:24:42.623+08:00,standard
normal_key_10,78.17918092892431,2026-03-28T16:24:42.623+08:00,standard
normal_key_10,74.92749127104753,2026-03-28T16:24:42.623+08:00,standard
normal_key_10,529.9354084825072,2026-03-28T16:24:42.623+08:00,standard
normal_key_10,577.3701783074816,2026-03-28T16:24:42.623+08:00,standard
normal_key_10,598.1947062986835,2026-03-28T16:24:42.623+08:00,standard
normal_key_10,356.0145029508225,2026-03-28T16:24:42.623+08:00,standard
normal_key_10,156.11812488500183,2026-03-28T16:24:42.623+08:00,standard
normal_key_10,171.08922289910166,2026-03-28T16:24:42.623+08:00,standard
normal_key_11,77.11360485427348,2026-03-28T16:24:42.623+08:00,standard
normal_key_11,272.5316779156654,2026-03-28T16:24:42.623+08:00,standard
normal_key_11,41.137953204870996,2026-03-28T16:24:42.623+08:00,standard
normal_key_11,983.5520348469063,2026-03-28T16:24:42.623+08:00,standard
normal_key_11,65.97475721967655,2026-03-28T16:24:42.623+08:00,standard
normal_key_11,39.82934370303996,2026-03-28T16:24:42.623+08:00,standard
normal_key_11,568.5560305457997,2026-03-28T16:24:42.623+08:00,standard
normal_key_11,527.1139716041723,2026-03-28T16:24:42.623+08:00,standard
normal_key_11,640.0768554074101,2026-03-28T16:24:42.623+08:00,standard
normal_key_11,796.5755470485095,2026-03-28T16:24:42.623+08:00,standard
normal_key_11,400.8003493858599,2026-03-28T16:24:42.623+08:00,standard
normal_key_11,702.0652581530661,2026-03-28T16:24:42.623+08:00,standard
normal_key_11,218.46674380332976,2026-03-28T16:24:42.623+08:00,standard
normal_key_11,470.9001962088551,2026-03-28T16:24:42.623+08:00,standard
normal_key_11,312.1945892225103,2026-03-28T16:24:42.623+08:00,standard
normal_key_11,172.8394675676078,2026-03-28T16:24:42.623+08:00,standard
normal_key_11,177.93400893443683,2026-03-28T16:24:42.623+08:00,standard
normal_key_11,514.1571166868525,2026-03-28T16:24:42.623+08:00,standard
normal_key_11,547.2874943428393,2026-03-28T16:24:42.623+08:00,standard
normal_key_11,574.0242567409207,2026-03-28T16:24:42.623+08:00,standard
normal_key_12,153.1011993772892,2026-03-28T16:24:42.623+08:00,standard
normal_key_12,962.0962284091227,2026-03-28T16:24:42.623+08:00,standard
normal_key_12,192.5358371816266,2026-03-28T16:24:42.623+08:00,standard
normal_key_12,288.29264653167627,2026-03-28T16:24:42.623+08:00,standard
normal_key_12,987.7698956099387,2026-03-28T16:24:42.623+08:00,standard
normal_key_12,320.2004139011965,2026-03-28T16:24:42.623+08:00,standard
normal_key_12,781.0139746962814,2026-03-28T16:24:42.623+08:00,standard
normal_key_12,342.9227026322428,2026-03-28T16:24:42.623+08:00,standard
normal_key_12,452.27489555963376,2026-03-28T16:24:42.623+08:00,standard
normal_key_12,282.8419561595519,2026-03-28T16:24:42.623+08:00,standard
normal_key_12,580.329169119324,2026-03-28T16:24:42.623+08:00,standard
normal_key_12,363.16903676612253,2026-03-28T16:24:42.623+08:00,standard
normal_key_12,411.12595173407516,2026-03-28T16:24:42.623+08:00,standard
normal_key_12,528.2839219292958,2026-03-28T16:24:42.623+08:00,standard
normal_key_12,336.1264964643737,2026-03-28T16:24:42.623+08:00,standard
normal_key_12,482.4658256721191,2026-03-28T16:24:42.623+08:00,standard
normal_key_12,978.8473368262635,2026-03-28T16:24:42.623+08:00,standard
normal_key_12,203.13272767738414,2026-03-28T16:24:42.623+08:00,standard
normal_key_12,493.0642332849332,2026-03-28T16:24:42.623+08:00,standard
normal_key_12,693.4901584826617,2026-03-28T16:24:42.623+08:00,standard
normal_key_13,639.6496320939593,2026-03-28T16:24:42.623+08:00,standard
normal_key_13,905.3316830968886,2026-03-28T16:24:42.623+08:00,standard
normal_key_13,995.3557848216112,2026-03-28T16:24:42.623+08:00,standard
normal_key_13,280.03406533277763,2026-03-28T16:24:42.623+08:00,standard
normal_key_13,956.9420614991006,2026-03-28T16:24:42.623+08:00,standard
normal_key_13,197.73688802518197,2026-03-28T16:24:42.623+08:00,standard
normal_key_13,193.83748441300568,2026-03-28T16:24:42.623+08:00,standard
normal_key_13,107.1171431330065,2026-03-28T16:24:42.623+08:00,standard
normal_key_13,786.5290031754097,2026-03-28T16:24:42.623+08:00,standard
normal_key_13,575.764387314114,2026-03-28T16:24:42.623+08:00,standard
normal_key_13,533.9073425171199,2026-03-28T16:24:42.623+08:00,standard
normal_key_13,113.12144263200142,2026-03-28T16:24:42.623+08:00,standard
normal_key_13,920.4589779344075,2026-03-28T16:24:42.623+08:00,standard
normal_key_13,998.3631020464398,2026-03-28T16:24:42.623+08:00,standard
normal_key_13,247.46808664140397,2026-03-28T16:24:42.623+08:00,standard
normal_key_13,756.2148234806021,2026-03-28T16:24:42.623+08:00,standard
normal_key_13,123.90409756543679,2026-03-28T16:24:42.623+08:00,standard
normal_key_13,16.326916828489523,2026-03-28T16:24:42.623+08:00,standard
normal_key_13,92.1126136141538,2026-03-28T16:24:42.623+08:00,standard
normal_key_13,584.6242306385607,2026-03-28T16:24:42.623+08:00,standard
normal_key_14,912.026117176652,2026-03-28T16:24:42.623+08:00,standard
normal_key_14,141.36283891363414,2026-03-28T16:24:42.623+08:00,standard
normal_key_14,123.9314806431151,2026-03-28T16:24:42.623+08:00,standard
normal_key_14,335.7850521111932,2026-03-28T16:24:42.623+08:00,standard
normal_key_14,864.288567413584,2026-03-28T16:24:42.623+08:00,standard
normal_key_14,844.8467245224637,2026-03-28T16:24:42.623+08:00,standard
normal_key_14,700.1955414881481,2026-03-28T16:24:42.623+08:00,standard
normal_key_14,912.8899966823557,2026-03-28T16:24:42.623+08:00,standard
normal_key_14,571.3612033160521,2026-03-28T16:24:42.623+08:00,standard
normal_key_14,298.486226759095,2026-03-28T16:24:42.623+08:00,standard
normal_key_14,22.58512381859633,2026-03-28T16:24:42.623+08:00,standard
normal_key_14,94.11726291215106,2026-03-28T16:24:42.623+08:00,standard
normal_key_14,121.6033962856644,2026-03-28T16:24:42.623+08:00,standard
normal_key_14,164.97885984703035,2026-03-28T16:24:42.623+08:00,standard
normal_key_14,959.9287160183069,2026-03-28T16:24:42.623+08:00,standard
normal_key_14,661.7954585459566,2026-03-28T16:24:42.623+08:00,standard
normal_key_14,594.7534388036772,2026-03-28T16:24:42.623+08:00,standard
normal_key_14,127.60112052453657,2026-03-28T16:24:42.623+08:00,standard
normal_key_14,936.3414302240768,2026-03-28T16:24:42.623+08:00,standard
normal_key_14,821.3248014511489,2026-03-28T16:24:42.623+08:00,standard
normal_key_15,580.7939796756406,2026-03-28T16:24:42.623+08:00,standard
normal_key_15,979.9096972749691,2026-03-28T16:24:42.623+08:00,standard
normal_key_15,480.312078815352,2026-03-28T16:24:42.623+08:00,standard
normal_key_15,99.94460782354754,2026-03-28T16:24:42.623+08:00,standard
normal_key_15,713.1271290113273,2026-03-28T16:24:42.623+08:00,standard
normal_key_15,544.6984959697963,2026-03-28T16:24:42.623+08:00,standard
normal_key_15,367.8918487781501,2026-03-28T16:24:42.623+08:00,standard
normal_key_15,297.1451937001503,2026-03-28T16:24:42.623+08:00,standard
normal_key_15,762.4773970713254,2026-03-28T16:24:42.623+08:00,standard
normal_key_15,438.4538405619773,2026-03-28T16:24:42.623+08:00,standard
normal_key_15,20.273145337983962,2026-03-28T16:24:42.623+08:00,standard
normal_key_15,420.6371081713057,2026-03-28T16:24:42.623+08:00,standard
normal_key_15,596.3262573201572,2026-03-28T16:24:42.623+08:00,standard
normal_key_15,547.4195179589691,2026-03-28T16:24:42.623+08:00,standard
normal_key_15,769.0670395252316,2026-03-28T16:24:42.623+08:00,standard
normal_key_15,498.9587929684977,2026-03-28T16:24:42.623+08:00,standard
normal_key_15,872.2781744642103,2026-03-28T16:24:42.623+08:00,standard
normal_key_15,592.8728627942093,2026-03-28T16:24:42.623+08:00,standard
normal_key_15,336.2774398503669,2026-03-28T16:24:42.623+08:00,standard
normal_key_15,949.5792432937733,2026-03-28T16:24:42.623+08:00,standard
normal_key_16,174.10739295668338,2026-03-28T16:24:42.623+08:00,standard
normal_key_16,684.3343448802161,2026-03-28T16:24:42.623+08:00,standard
normal_key_16,544.3886596546776,2026-03-28T16:24:42.623+08:00,standard
normal_key_16,517.5630170999293,2026-03-28T16:24:42.623+08:00,standard
normal_key_16,302.3914726344235,2026-03-28T16:24:42.623+08:00,standard
normal_key_16,842.113558060909,2026-03-28T16:24:42.623+08:00,standard
normal_key_16,949.882347916682,2026-03-28T16:24:42.623+08:00,standard
normal_key_16,641.4460806962969,2026-03-28T16:24:42.623+08:00,standard
normal_key_16,867.008252945811,2026-03-28T16:24:42.623+08:00,standard
normal_key_16,506.952219271508,2026-03-28T16:24:42.623+08:00,standard
normal_key_16,739.8246398773517,2026-03-28T16:24:42.623+08:00,standard
normal_key_16,335.4149957474733,2026-03-28T16:24:42.623+08:00,standard
normal_key_16,543.3918638794769,2026-03-28T16:24:42.623+08:00,standard
normal_key_16,364.70325662136247,2026-03-28T16:24:42.623+08:00,standard
normal_key_16,464.2897279892076,2026-03-28T16:24:42.623+08:00,standard
normal_key_16,406.77979578558563,2026-03-28T16:24:42.623+08:00,standard
normal_key_16,177.41593973423693,2026-03-28T16:24:42.623+08:00,standard
normal_key_16,871.3939323826643,2026-03-28T16:24:42.623+08:00,standard
normal_key_16,888.2288034844901,2026-03-28T16:24:42.623+08:00,standard
normal_key_16,21.543855562740866,2026-03-28T16:24:42.623+08:00,standard
normal_key_17,972.5715676181869,2026-03-28T16:24:42.623+08:00,standard
normal_key_17,61.74677837790526,2026-03-28T16:24:42.623+08:00,standard
normal_key_17,377.1872282566055,2026-03-28T16:24:42.623+08:00,standard
normal_key_17,835.8665506439131,2026-03-28T16:24:42.623+08:00,standard
normal_key_17,655.5456847447243,2026-03-28T16:24:42.623+08:00,standard
normal_key_17,628.5211277662173,2026-03-28T16:24:42.623+08:00,standard
normal_key_17,549.8102560865399,2026-03-28T16:24:42.623+08:00,standard
normal_key_17,731.3436421380835,2026-03-28T16:24:42.623+08:00,standard
normal_key_17,57.852568358626755,2026-03-28T16:24:42.623+08:00,standard
normal_key_17,988.9939677366541,2026-03-28T16:24:42.623+08:00,standard
normal_key_17,706.1632794579169,2026-03-28T16:24:42.623+08:00,standard
normal_key_17,676.0010225109298,2026-03-28T16:24:42.623+08:00,standard
normal_key_17,752.1801225549508,2026-03-28T16:24:42.623+08:00,standard
normal_key_17,901.8509431280809,2026-03-28T16:24:42.623+08:00,standard
normal_key_17,451.70136973457386,2026-03-28T16:24:42.623+08:00,standard
normal_key_17,765.17284830931,2026-03-28T16:24:42.623+08:00,standard
normal_key_17,834.7393883740713,2026-03-28T16:24:42.623+08:00,standard
normal_key_17,605.4058108741929,2026-03-28T16:24:42.623+08:00,standard
normal_key_17,413.34245967603607,2026-03-28T16:24:42.623+08:00,standard
normal_key_17,281.3710924750707,2026-03-28T16:24:42.623+08:00,standard
normal_key_18,372.8919507536534,2026-03-28T16:24:42.623+08:00,standard
normal_key_18,524.3316155416093,2026-03-28T16:24:42.623+08:00,standard
normal_key_18,66.64153513658215,2026-03-28T16:24:42.623+08:00,standard
normal_key_18,735.2113984231468,2026-03-28T16:24:42.623+08:00,standard
normal_key_18,127.11629152692159,2026-03-28T16:24:42.623+08:00,standard
normal_key_18,752.6974634882864,2026-03-28T16:24:42.623+08:00,standard
normal_key_18,905.6137107950772,2026-03-28T16:24:42.623+08:00,standard
normal_key_18,267.04494470566334,2026-03-28T16:24:42.623+08:00,standard
normal_key_18,302.2014753481115,2026-03-28T16:24:42.623+08:00,standard
normal_key_18,619.2329605340931,2026-03-28T16:24:42.623+08:00,standard
normal_key_18,712.1945686688977,2026-03-28T16:24:42.623+08:00,standard
normal_key_18,309.3502635943647,2026-03-28T16:24:42.623+08:00,standard
normal_key_18,628.1586409430789,2026-03-28T16:24:42.623+08:00,standard
normal_key_18,321.025712692623,2026-03-28T16:24:42.623+08:00,standard
normal_key_18,732.7347921950959,2026-03-28T16:24:42.623+08:00,standard
normal_key_18,967.5021899636781,2026-03-28T16:24:42.623+08:00,standard
normal_key_18,811.141227469375,2026-03-28T16:24:42.623+08:00,standard
normal_key_18,205.55286986418082,2026-03-28T16:24:42.623+08:00,standard
normal_key_18,131.526491823574,2026-03-28T16:24:42.623+08:00,standard
normal_key_18,851.9915004759796,2026-03-28T16:24:42.623+08:00,standard
normal_key_19,956.6837424020791,2026-03-28T16:24:42.623+08:00,standard
normal_key_19,219.7969824206181,2026-03-28T16:24:42.623+08:00,standard
normal_key_19,823.7659350985922,2026-03-28T16:24:42.623+08:00,standard
normal_key_19,771.5433451354116,2026-03-28T16:24:42.623+08:00,standard
normal_key_19,508.46168840176955,2026-03-28T16:24:42.623+08:00,standard
normal_key_19,706.1494283917407,2026-03-28T16:24:42.623+08:00,standard
normal_key_19,719.9904350772667,2026-03-28T16:24:42.623+08:00,standard
normal_key_19,463.42828254811155,2026-03-28T16:24:42.623+08:00,standard
normal_key_19,140.2019927403556,2026-03-28T16:24:42.623+08:00,standard
normal_key_19,311.5416953724152,2026-03-28T16:24:42.623+08:00,standard
normal_key_19,970.9878202427326,2026-03-28T16:24:42.623+08:00,standard
normal_key_19,300.06966685763564,2026-03-28T16:24:42.623+08:00,standard
normal_key_19,426.45860504796366,2026-03-28T16:24:42.623+08:00,standard
normal_key_19,161.28578838844257,2026-03-28T16:24:42.623+08:00,standard
normal_key_19,480.5387522858543,2026-03-28T16:24:42.623+08:00,standard
normal_key_19,289.1977571759532,2026-03-28T16:24:42.623+08:00,standard
normal_key_19,591.6457505843429,2026-03-28T16:24:42.623+08:00,standard
normal_key_19,589.5523054086652,2026-03-28T16:24:42.623+08:00,standard
normal_key_19,708.6142921884722,2026-03-28T16:24:42.623+08:00,standard
normal_key_19,526.564700678473,2026-03-28T16:24:42.623+08:00,standard
normal_key_20,956.6492339002785,2026-03-28T16:24:42.623+08:00,standard
normal_key_20,786.1139326953191,2026-03-28T16:24:42.623+08:00,standard
normal_key_20,557.6479466909094,2026-03-28T16:24:42.623+08:00,standard
normal_key_20,440.6384072600383,2026-03-28T16:24:42.623+08:00,standard
normal_key_20,637.2903422195252,2026-03-28T16:24:42.623+08:00,standard
normal_key_20,112.07854177057784,2026-03-28T16:24:42.623+08:00,standard
normal_key_20,347.8753617892443,2026-03-28T16:24:42.623+08:00,standard
normal_key_20,942.0522835391404,2026-03-28T16:24:42.623+08:00,standard
normal_key_20,459.55503855654945,2026-03-28T16:24:42.623+08:00,standard
normal_key_20,560.0844692737082,2026-03-28T16:24:42.623+08:00,standard
normal_key_20,497.8768438236823,2026-03-28T16:24:42.623+08:00,standard
normal_key_20,251.52852267509883,2026-03-28T16:24:42.623+08:00,standard
normal_key_20,49.52447481236648,2026-03-28T16:24:42.623+08:00,standard
normal_key_20,233.2110581358577,2026-03-28T16:24:42.623+08:00,standard
normal_key_20,583.8298948998819,2026-03-28T16:24:42.623+08:00,standard
normal_key_20,818.8019075637575,2026-03-28T16:24:42.623+08:00,standard
normal_key_20,772.9248568275298,2026-03-28T16:24:42.623+08:00,standard
normal_key_20,400.4647345645173,2026-03-28T16:24:42.623+08:00,standard
normal_key_20,449.1698231404612,2026-03-28T16:24:42.623+08:00,standard
normal_key_20,176.3941771743981,2026-03-28T16:24:42.623+08:00,standard
normal_key_21,163.00369743446785,2026-03-28T16:24:42.623+08:00,standard
normal_key_21,267.2391628694409,2026-03-28T16:24:42.623+08:00,standard
normal_key_21,498.1485524493408,2026-03-28T16:24:42.623+08:00,standard
normal_key_21,359.21968422412243,2026-03-28T16:24:42.623+08:00,standard
normal_key_21,732.9026698960076,2026-03-28T16:24:42.623+08:00,standard
normal_key_21,323.1141000956004,2026-03-28T16:24:42.623+08:00,standard
normal_key_21,642.4005821556701,2026-03-28T16:24:42.623+08:00,standard
normal_key_21,789.5560855292664,2026-03-28T16:24:42.623+08:00,standard
normal_key_21,83.56309823350794,2026-03-28T16:24:42.623+08:00,standard
normal_key_21,499.57000272348125,2026-03-28T16:24:42.623+08:00,standard
normal_key_21,329.2654662686333,2026-03-28T16:24:42.623+08:00,standard
normal_key_21,703.3618231215542,2026-03-28T16:24:42.623+08:00,standard
normal_key_21,34.4291759679099,2026-03-28T16:24:42.623+08:00,standard
normal_key_21,274.4465504802168,2026-03-28T16:24:42.623+08:00,standard
normal_key_21,198.06429057462032,2026-03-28T16:24:42.623+08:00,standard
normal_key_21,555.6742612266416,2026-03-28T16:24:42.623+08:00,standard
normal_key_21,770.7602305725908,2026-03-28T16:24:42.623+08:00,standard
normal_key_21,276.55312531828474,2026-03-28T16:24:42.623+08:00,standard
normal_key_21,804.2292995568196,2026-03-28T16:24:42.623+08:00,standard
normal_key_21,548.9163828291573,2026-03-28T16:24:42.623+08:00,standard
normal_key_22,201.46761838289646,2026-03-28T16:24:42.623+08:00,standard
normal_key_22,830.4079795463642,2026-03-28T16:24:42.623+08:00,standard
normal_key_22,561.5368749368886,2026-03-28T16:24:42.623+08:00,standard
normal_key_22,459.8543098447656,2026-03-28T16:24:42.623+08:00,standard
normal_key_22,490.2776988657461,2026-03-28T16:24:42.623+08:00,standard
normal_key_22,561.1921546325091,2026-03-28T16:24:42.623+08:00,standard
normal_key_22,866.1242323475103,2026-03-28T16:24:42.623+08:00,standard
normal_key_22,336.2390017342621,2026-03-28T16:24:42.623+08:00,standard
normal_key_22,675.2015063774259,2026-03-28T16:24:42.623+08:00,standard
normal_key_22,241.75868927051607,2026-03-28T16:24:42.623+08:00,standard
normal_key_22,29.992161927674854,2026-03-28T16:24:42.623+08:00,standard
normal_key_22,211.97748431012158,2026-03-28T16:24:42.623+08:00,standard
normal_key_22,331.68481930556186,2026-03-28T16:24:42.623+08:00,standard
normal_key_22,758.1747959558783,2026-03-28T16:24:42.623+08:00,standard
normal_key_22,432.08544651158644,2026-03-28T16:24:42.623+08:00,standard
normal_key_22,460.3260804139195,2026-03-28T16:24:42.623+08:00,standard
normal_key_22,10.198392162155287,2026-03-28T16:24:42.623+08:00,standard
normal_key_22,55.83362571670851,2026-03-28T16:24:42.623+08:00,standard
normal_key_22,246.28432295223138,2026-03-28T16:24:42.623+08:00,standard
normal_key_22,78.00717843245111,2026-03-28T16:24:42.623+08:00,standard
normal_key_23,984.9422555920185,2026-03-28T16:24:42.623+08:00,standard
normal_key_23,562.9261570701476,2026-03-28T16:24:42.623+08:00,standard
normal_key_23,594.3525332321096,2026-03-28T16:24:42.623+08:00,standard
normal_key_23,364.26856151830407,2026-03-28T16:24:42.623+08:00,standard
normal_key_23,680.4456578866758,2026-03-28T16:24:42.623+08:00,standard
normal_key_23,772.3391823264875,2026-03-28T16:24:42.623+08:00,standard
normal_key_23,324.22467888309524,2026-03-28T16:24:42.623+08:00,standard
normal_key_23,186.06003548290042,2026-03-28T16:24:42.623+08:00,standard
normal_key_23,343.16470696537954,2026-03-28T16:24:42.623+08:00,standard
normal_key_23,812.4610271320277,2026-03-28T16:24:42.623+08:00,standard
normal_key_23,951.3056748172231,2026-03-28T16:24:42.623+08:00,standard
normal_key_23,506.2474281834588,2026-03-28T16:24:42.623+08:00,standard
normal_key_23,125.35873060187498,2026-03-28T16:24:42.623+08:00,standard
normal_key_23,209.09131997588307,2026-03-28T16:24:42.623+08:00,standard
normal_key_23,532.6868765644001,2026-03-28T16:24:42.623+08:00,standard
normal_key_23,11.650870941580344,2026-03-28T16:24:42.623+08:00,standard
normal_key_23,158.46026813498878,2026-03-28T16:24:42.623+08:00,standard
normal_key_23,176.66180406908316,2026-03-28T16:24:42.623+08:00,standard
normal_key_23,660.5163593129694,2026-03-28T16:24:42.623+08:00,standard
normal_key_23,767.6936402802027,2026-03-28T16:24:42.623+08:00,standard
normal_key_24,388.63658149578833,2026-03-28T16:24:42.623+08:00,standard
normal_key_24,731.1086912544479,2026-03-28T16:24:42.623+08:00,standard
normal_key_24,590.80853983059,2026-03-28T16:24:42.623+08:00,standard
normal_key_24,230.04457343835236,2026-03-28T16:24:42.623+08:00,standard
normal_key_24,672.2426405625632,2026-03-28T16:24:42.623+08:00,standard
normal_key_24,624.525467830501,2026-03-28T16:24:42.623+08:00,standard
normal_key_24,991.3791269315993,2026-03-28T16:24:42.623+08:00,standard
normal_key_24,581.1753221945178,2026-03-28T16:24:42.623+08:00,standard
normal_key_24,870.8555137432165,2026-03-28T16:24:42.623+08:00,standard
normal_key_24,543.5099515825655,2026-03-28T16:24:42.623+08:00,standard
normal_key_24,770.5202014578275,2026-03-28T16:24:42.623+08:00,standard
normal_key_24,33.01453261584321,2026-03-28T16:24:42.623+08:00,standard
normal_key_24,297.5563181241299,2026-03-28T16:24:42.623+08:00,standard
normal_key_24,693.0207531166161,2026-03-28T16:24:42.623+08:00,standard
normal_key_24,280.8679924714792,2026-03-28T16:24:42.623+08:00,standard
normal_key_24,551.4641788924608,2026-03-28T16:24:42.623+08:00,standard
normal_key_24,181.4929780198201,2026-03-28T16:24:42.623+08:00,standard
normal_key_24,704.2110367801636,2026-03-28T16:24:42.623+08:00,standard
normal_key_24,191.94986849662817,2026-03-28T16:24:42.623+08:00,standard
normal_key_24,314.15353040567896,2026-03-28T16:24:42.623+08:00,standard
normal_key_25,561.7517966211956,2026-03-28T16:24:42.623+08:00,standard
normal_key_25,210.83428518763264,2026-03-28T16:24:42.623+08:00,standard
normal_key_25,753.6428219808046,2026-03-28T16:24:42.623+08:00,standard
normal_key_25,631.8805988094806,2026-03-28T16:24:42.623+08:00,standard
normal_key_25,32.15748057873984,2026-03-28T16:24:42.623+08:00,standard
normal_key_25,994.1930604500295,2026-03-28T16:24:42.623+08:00,standard
normal_key_25,594.5464907520534,2026-03-28T16:24:42.623+08:00,standard
normal_key_25,444.60426074809106,2026-03-28T16:24:42.623+08:00,standard
normal_key_25,729.6026636282853,2026-03-28T16:24:42.623+08:00,standard
normal_key_25,55.72757820164786,2026-03-28T16:24:42.623+08:00,standard
normal_key_25,573.5225950708198,2026-03-28T16:24:42.623+08:00,standard
normal_key_25,959.5776172401299,2026-03-28T16:24:42.623+08:00,standard
normal_key_25,287.0031483694848,2026-03-28T16:24:42.623+08:00,standard
normal_key_25,910.0066430906819,2026-03-28T16:24:42.623+08:00,standard
normal_key_25,217.43959494439073,2026-03-28T16:24:42.623+08:00,standard
normal_key_25,119.50791363088341,2026-03-28T16:24:42.623+08:00,standard
normal_key_25,472.98599303315575,2026-03-28T16:24:42.623+08:00,standard
normal_key_25,940.9766017110637,2026-03-28T16:24:42.623+08:00,standard
normal_key_25,840.1896986995215,2026-03-28T16:24:42.623+08:00,standard
normal_key_25,908.2707946856285,2026-03-28T16:24:42.623+08:00,standard
normal_key_26,988.7923479386377,2026-03-28T16:24:42.623+08:00,standard
normal_key_26,337.17360289111093,2026-03-28T16:24:42.623+08:00,standard
normal_key_26,735.3597306276193,2026-03-28T16:24:42.623+08:00,standard
normal_key_26,964.4095376473322,2026-03-28T16:24:42.623+08:00,standard
normal_key_26,548.5205168510511,2026-03-28T16:24:42.623+08:00,standard
normal_key_26,231.2584529775393,2026-03-28T16:24:42.623+08:00,standard
normal_key_26,683.0548333002029,2026-03-28T16:24:42.623+08:00,standard
normal_key_26,32.63902053083079,2026-03-28T16:24:42.623+08:00,standard
normal_key_26,621.696158100693,2026-03-28T16:24:42.623+08:00,standard
normal_key_26,621.7311570757456,2026-03-28T16:24:42.623+08:00,standard
normal_key_26,757.562210628206,2026-03-28T16:24:42.623+08:00,standard
normal_key_26,199.81867593419847,2026-03-28T16:24:42.623+08:00,standard
normal_key_26,970.8267306235349,2026-03-28T16:24:42.623+08:00,standard
normal_key_26,690.4480357432266,2026-03-28T16:24:42.623+08:00,standard
normal_key_26,958.3172144790864,2026-03-28T16:24:42.623+08:00,standard
normal_key_26,654.8949375561554,2026-03-28T16:24:42.623+08:00,standard
normal_key_26,731.3002750892454,2026-03-28T16:24:42.623+08:00,standard
normal_key_26,486.1934690801734,2026-03-28T16:24:42.623+08:00,standard
normal_key_26,143.94769362254186,2026-03-28T16:24:42.623+08:00,standard
normal_key_26,180.20075163204248,2026-03-28T16:24:42.623+08:00,standard
normal_key_27,493.6623730631197,2026-03-28T16:24:42.623+08:00,standard
normal_key_27,462.1149697841918,2026-03-28T16:24:42.623+08:00,standard
normal_key_27,326.90945346019976,2026-03-28T16:24:42.623+08:00,standard
normal_key_27,127.46843925413171,2026-03-28T16:24:42.623+08:00,standard
normal_key_27,966.7089378376353,2026-03-28T16:24:42.623+08:00,standard
normal_key_27,844.1230555138986,2026-03-28T16:24:42.623+08:00,standard
normal_key_27,497.0792679320707,2026-03-28T16:24:42.623+08:00,standard
normal_key_27,881.6268284585565,2026-03-28T16:24:42.623+08:00,standard
normal_key_27,15.69336647490104,2026-03-28T16:24:42.623+08:00,standard
normal_key_27,107.01916571235155,2026-03-28T16:24:42.623+08:00,standard
normal_key_27,376.2744931336865,2026-03-28T16:24:42.623+08:00,standard
normal_key_27,69.32096120967205,2026-03-28T16:24:42.623+08:00,standard
normal_key_27,527.4330683449399,2026-03-28T16:24:42.623+08:00,standard
normal_key_27,751.2094596866402,2026-03-28T16:24:42.623+08:00,standard
normal_key_27,439.48518658605633,2026-03-28T16:24:42.623+08:00,standard
normal_key_27,153.99295413060503,2026-03-28T16:24:42.623+08:00,standard
normal_key_27,48.516607269201366,2026-03-28T16:24:42.623+08:00,standard
normal_key_27,544.8088662438198,2026-03-28T16:24:42.623+08:00,standard
normal_key_27,177.54676390635063,2026-03-28T16:24:42.623+08:00,standard
normal_key_27,25.903054415637772,2026-03-28T16:24:42.623+08:00,standard
normal_key_28,495.15502013840216,2026-03-28T16:24:42.623+08:00,standard
normal_key_28,605.8168880605409,2026-03-28T16:24:42.623+08:00,standard
normal_key_28,36.63255671181179,2026-03-28T16:24:42.623+08:00,standard
normal_key_28,19.340435602612516,2026-03-28T16:24:42.623+08:00,standard
normal_key_28,782.3128921941467,2026-03-28T16:24:42.623+08:00,standard
normal_key_28,10.022133028455865,2026-03-28T16:24:42.623+08:00,standard
normal_key_28,250.17595280137323,2026-03-28T16:24:42.623+08:00,standard
normal_key_28,753.0011789497236,2026-03-28T16:24:42.623+08:00,standard
normal_key_28,151.84043609087948,2026-03-28T16:24:42.623+08:00,standard
normal_key_28,166.56722733472694,2026-03-28T16:24:42.623+08:00,standard
normal_key_28,541.6746438558101,2026-03-28T16:24:42.623+08:00,standard
normal_key_28,946.4479375073857,2026-03-28T16:24:42.623+08:00,standard
normal_key_28,403.4076503849609,2026-03-28T16:24:42.623+08:00,standard
normal_key_28,163.4769004000347,2026-03-28T16:24:42.623+08:00,standard
normal_key_28,56.219007167940134,2026-03-28T16:24:42.623+08:00,standard
normal_key_28,789.267424337513,2026-03-28T16:24:42.623+08:00,standard
normal_key_28,664.7935529368534,2026-03-28T16:24:42.623+08:00,standard
normal_key_28,30.15839571860385,2026-03-28T16:24:42.623+08:00,standard
normal_key_28,103.50442416657832,2026-03-28T16:24:42.623+08:00,standard
normal_key_28,987.2608977688252,2026-03-28T16:24:42.623+08:00,standard
normal_key_29,343.68677299569725,2026-03-28T16:24:42.623+08:00,standard
normal_key_29,630.1659851056504,2026-03-28T16:24:42.623+08:00,standard
normal_key_29,120.85755608887168,2026-03-28T16:24:42.623+08:00,standard
normal_key_29,790.1930455612626,2026-03-28T16:24:42.623+08:00,standard
normal_key_29,933.4738167573125,2026-03-28T16:24:42.623+08:00,standard
normal_key_29,232.12488165216743,2026-03-28T16:24:42.623+08:00,standard
normal_key_29,644.7589177078563,2026-03-28T16:24:42.623+08:00,standard
normal_key_29,488.96698707037837,2026-03-28T16:24:42.623+08:00,standard
normal_key_29,609.0874522137577,2026-03-28T16:24:42.623+08:00,standard
normal_key_29,776.2607507100556,2026-03-28T16:24:42.623+08:00,standard
normal_key_29,426.5612494327943,2026-03-28T16:24:42.623+08:00,standard
normal_key_29,137.34721621145133,2026-03-28T16:24:42.623+08:00,standard
normal_key_29,316.7631957412289,2026-03-28T16:24:42.623+08:00,standard
normal_key_29,779.8275457095772,2026-03-28T16:24:42.623+08:00,standard
normal_key_29,671.6958317837053,2026-03-28T16:24:42.623+08:00,standard
normal_key_29,547.081197224257,2026-03-28T16:24:42.623+08:00,standard
normal_key_29,743.630818416635,2026-03-28T16:24:42.623+08:00,standard
normal_key_29,937.7660295608206,2026-03-28T16:24:42.623+08:00,standard
normal_key_29,855.6021046787895,2026-03-28T16:24:42.623+08:00,standard
normal_key_29,110.74092020103154,2026-03-28T16:24:42.623+08:00,standard
normal_key_30,640.3685993016575,2026-03-28T16:24:42.623+08:00,standard
normal_key_30,692.2179026618109,2026-03-28T16:24:42.623+08:00,standard
normal_key_30,490.49736677739463,2026-03-28T16:24:42.623+08:00,standard
normal_key_30,806.9134589606898,2026-03-28T16:24:42.623+08:00,standard
normal_key_30,644.9076917015539,2026-03-28T16:24:42.623+08:00,standard
normal_key_30,791.3335764721664,2026-03-28T16:24:42.623+08:00,standard
normal_key_30,646.4678944658773,2026-03-28T16:24:42.623+08:00,standard
normal_key_30,564.0031217922482,2026-03-28T16:24:42.623+08:00,standard
normal_key_30,472.92589212024967,2026-03-28T16:24:42.623+08:00,standard
normal_key_30,687.2144286204226,2026-03-28T16:24:42.623+08:00,standard
normal_key_30,815.8936049613128,2026-03-28T16:24:42.623+08:00,standard
normal_key_30,870.9358754693866,2026-03-28T16:24:42.623+08:00,standard
normal_key_30,722.5089667387589,2026-03-28T16:24:42.623+08:00,standard
normal_key_30,830.7955051783011,2026-03-28T16:24:42.623+08:00,standard
normal_key_30,896.4359412637637,2026-03-28T16:24:42.623+08:00,standard
normal_key_30,622.0793353673777,2026-03-28T16:24:42.623+08:00,standard
normal_key_30,163.92911927000466,2026-03-28T16:24:42.623+08:00,standard
normal_key_30,104.09448438619475,2026-03-28T16:24:42.623+08:00,standard
normal_key_30,215.03484884634983,2026-03-28T16:24:42.623+08:00,standard
normal_key_30,737.0532218045096,2026-03-28T16:24:42.623+08:00,standard
normal_key_31,692.7340953144662,2026-03-28T16:24:42.623+08:00,standard
normal_key_31,717.702324398283,2026-03-28T16:24:42.623+08:00,standard
normal_key_31,86.61775906318606,2026-03-28T16:24:42.623+08:00,standard
normal_key_31,511.3334865837125,2026-03-28T16:24:42.623+08:00,standard
normal_key_31,541.3201759498927,2026-03-28T16:24:42.623+08:00,standard
normal_key_31,999.0351532457665,2026-03-28T16:24:42.623+08:00,standard
normal_key_31,248.55343511421438,2026-03-28T16:24:42.623+08:00,standard
normal_key_31,898.4711582189756,2026-03-28T16:24:42.623+08:00,standard
normal_key_31,270.36272675070046,2026-03-28T16:24:42.623+08:00,standard
normal_key_31,975.6472272734234,2026-03-28T16:24:42.623+08:00,standard
normal_key_31,842.967764561078,2026-03-28T16:24:42.623+08:00,standard
normal_key_31,520.6692133009445,2026-03-28T16:24:42.623+08:00,standard
normal_key_31,387.434273669717,2026-03-28T16:24:42.623+08:00,standard
normal_key_31,61.473863454253404,2026-03-28T16:24:42.623+08:00,standard
normal_key_31,194.08154271531345,2026-03-28T16:24:42.623+08:00,standard
normal_key_31,824.8726167389983,2026-03-28T16:24:42.623+08:00,standard
normal_key_31,93.6310427585681,2026-03-28T16:24:42.623+08:00,standard
normal_key_31,36.573438287327164,2026-03-28T16:24:42.623+08:00,standard
normal_key_31,31.79828133669012,2026-03-28T16:24:42.623+08:00,standard
normal_key_31,39.817354271922255,2026-03-28T16:24:42.623+08:00,standard
normal_key_32,684.7917274622937,2026-03-28T16:24:42.623+08:00,standard
normal_key_32,283.32413281583706,2026-03-28T16:24:42.623+08:00,standard
normal_key_32,587.5239556465152,2026-03-28T16:24:42.623+08:00,standard
normal_key_32,975.169704778439,2026-03-28T16:24:42.623+08:00,standard
normal_key_32,665.9350757404942,2026-03-28T16:24:42.623+08:00,standard
normal_key_32,212.4341691206347,2026-03-28T16:24:42.623+08:00,standard
normal_key_32,904.6124221067074,2026-03-28T16:24:42.623+08:00,standard
normal_key_32,143.91414839479762,2026-03-28T16:24:42.623+08:00,standard
normal_key_32,65.86462913091846,2026-03-28T16:24:42.623+08:00,standard
normal_key_32,105.3422826777279,2026-03-28T16:24:42.623+08:00,standard
normal_key_32,78.44344116258219,2026-03-28T16:24:42.623+08:00,standard
normal_key_32,852.3641803181807,2026-03-28T16:24:42.623+08:00,standard
normal_key_32,421.121699217257,2026-03-28T16:24:42.623+08:00,standard
normal_key_32,671.5287211624715,2026-03-28T16:24:42.623+08:00,standard
normal_key_32,643.7120818992084,2026-03-28T16:24:42.623+08:00,standard
normal_key_32,990.8159514647547,2026-03-28T16:24:42.623+08:00,standard
normal_key_32,781.9503152369408,2026-03-28T16:24:42.623+08:00,standard
normal_key_32,436.19154080404087,2026-03-28T16:24:42.623+08:00,standard
normal_key_32,782.3837542702197,2026-03-28T16:24:42.623+08:00,standard
normal_key_32,164.09502091974804,2026-03-28T16:24:42.623+08:00,standard
normal_key_33,562.1423100477136,2026-03-28T16:24:42.623+08:00,standard
normal_key_33,952.6020771133252,2026-03-28T16:24:42.623+08:00,standard
normal_key_33,635.5975014962588,2026-03-28T16:24:42.623+08:00,standard
normal_key_33,359.01984249797226,2026-03-28T16:24:42.623+08:00,standard
normal_key_33,786.7474742217847,2026-03-28T16:24:42.623+08:00,standard
normal_key_33,571.7548264669346,2026-03-28T16:24:42.623+08:00,standard
normal_key_33,822.0275902771212,2026-03-28T16:24:42.623+08:00,standard
normal_key_33,794.8393319756887,2026-03-28T16:24:42.623+08:00,standard
normal_key_33,712.330751553965,2026-03-28T16:24:42.623+08:00,standard
normal_key_33,570.8470778810007,2026-03-28T16:24:42.623+08:00,standard
normal_key_33,819.4741388220316,2026-03-28T16:24:42.623+08:00,standard
normal_key_33,865.5122040061716,2026-03-28T16:24:42.623+08:00,standard
normal_key_33,235.8176255426759,2026-03-28T16:24:42.623+08:00,standard
normal_key_33,338.3877532912722,2026-03-28T16:24:42.623+08:00,standard
normal_key_33,626.0414285977739,2026-03-28T16:24:42.623+08:00,standard
normal_key_33,346.9390885836871,2026-03-28T16:24:42.623+08:00,standard
normal_key_33,570.6397068719878,2026-03-28T16:24:42.623+08:00,standard
normal_key_33,248.04541199591262,2026-03-28T16:24:42.623+08:00,standard
normal_key_33,868.4644768887193,2026-03-28T16:24:42.623+08:00,standard
normal_key_33,102.61013359494736,2026-03-28T16:24:42.623+08:00,standard
normal_key_34,650.743334120619,2026-03-28T16:24:42.623+08:00,standard
normal_key_34,323.5302223128595,2026-03-28T16:24:42.623+08:00,standard
normal_key_34,160.1442608695417,2026-03-28T16:24:42.623+08:00,standard
normal_key_34,751.1446316277069,2026-03-28T16:24:42.623+08:00,standard
normal_key_34,600.3637692445355,2026-03-28T16:24:42.623+08:00,standard
normal_key_34,511.6242138050638,2026-03-28T16:24:42.623+08:00,standard
normal_key_34,139.292779842762,2026-03-28T16:24:42.623+08:00,standard
normal_key_34,477.6802381634062,2026-03-28T16:24:42.623+08:00,standard
normal_key_34,882.6618799702075,2026-03-28T16:24:42.623+08:00,standard
normal_key_34,844.3748682645111,2026-03-28T16:24:42.623+08:00,standard
normal_key_34,894.5505651426723,2026-03-28T16:24:42.623+08:00,standard
normal_key_34,954.2576207522033,2026-03-28T16:24:42.623+08:00,standard
normal_key_34,440.1798316411473,2026-03-28T16:24:42.623+08:00,standard
normal_key_34,439.4191486917466,2026-03-28T16:24:42.623+08:00,standard
normal_key_34,547.752111191823,2026-03-28T16:24:42.623+08:00,standard
normal_key_34,949.3000099027811,2026-03-28T16:24:42.623+08:00,standard
normal_key_34,613.5434547492987,2026-03-28T16:24:42.623+08:00,standard
normal_key_34,930.271097868355,2026-03-28T16:24:42.623+08:00,standard
normal_key_34,881.8812040160554,2026-03-28T16:24:42.623+08:00,standard
normal_key_34,134.74313311636274,2026-03-28T16:24:42.623+08:00,standard
normal_key_35,308.5933484800138,2026-03-28T16:24:42.623+08:00,standard
normal_key_35,483.1569874037454,2026-03-28T16:24:42.623+08:00,standard
normal_key_35,415.3838401941437,2026-03-28T16:24:42.623+08:00,standard
normal_key_35,746.9261895417342,2026-03-28T16:24:42.623+08:00,standard
normal_key_35,826.0663926298861,2026-03-28T16:24:42.623+08:00,standard
normal_key_35,339.81319921054705,2026-03-28T16:24:42.623+08:00,standard
normal_key_35,469.3032810815823,2026-03-28T16:24:42.623+08:00,standard
normal_key_35,230.89767104762797,2026-03-28T16:24:42.623+08:00,standard
normal_key_35,627.6000747469834,2026-03-28T16:24:42.623+08:00,standard
normal_key_35,235.90440739617682,2026-03-28T16:24:42.623+08:00,standard
normal_key_35,549.2680756757064,2026-03-28T16:24:42.623+08:00,standard
normal_key_35,678.8786987745284,2026-03-28T16:24:42.623+08:00,standard
normal_key_35,578.6714906886629,2026-03-28T16:24:42.623+08:00,standard
normal_key_35,347.0314416738503,2026-03-28T16:24:42.623+08:00,standard
normal_key_35,338.8555813345732,2026-03-28T16:24:42.623+08:00,standard
normal_key_35,839.155904958268,2026-03-28T16:24:42.623+08:00,standard
normal_key_35,611.6436399614656,2026-03-28T16:24:42.623+08:00,standard
normal_key_35,393.4281907534073,2026-03-28T16:24:42.623+08:00,standard
normal_key_35,478.49181532735554,2026-03-28T16:24:42.623+08:00,standard
normal_key_35,416.0526562219764,2026-03-28T16:24:42.623+08:00,standard
normal_key_36,857.1828058154996,2026-03-28T16:24:42.623+08:00,standard
normal_key_36,60.83328236329443,2026-03-28T16:24:42.623+08:00,standard
normal_key_36,346.1472879787055,2026-03-28T16:24:42.623+08:00,standard
normal_key_36,726.4228258622844,2026-03-28T16:24:42.623+08:00,standard
normal_key_36,834.9493541005949,2026-03-28T16:24:42.623+08:00,standard
normal_key_36,848.2576427332917,2026-03-28T16:24:42.623+08:00,standard
normal_key_36,460.5041160133908,2026-03-28T16:24:42.623+08:00,standard
normal_key_36,464.6579143113394,2026-03-28T16:24:42.623+08:00,standard
normal_key_36,236.70329522954933,2026-03-28T16:24:42.623+08:00,standard
normal_key_36,16.481617529311407,2026-03-28T16:24:42.623+08:00,standard
normal_key_36,895.1224552093158,2026-03-28T16:24:42.623+08:00,standard
normal_key_36,403.9211217886434,2026-03-28T16:24:42.623+08:00,standard
normal_key_36,164.33538345938123,2026-03-28T16:24:42.623+08:00,standard
normal_key_36,594.328644862837,2026-03-28T16:24:42.623+08:00,standard
normal_key_36,227.9681434019453,2026-03-28T16:24:42.623+08:00,standard
normal_key_36,570.0331290820611,2026-03-28T16:24:42.623+08:00,standard
normal_key_36,636.0061318880829,2026-03-28T16:24:42.623+08:00,standard
normal_key_36,295.98547627290463,2026-03-28T16:24:42.623+08:00,standard
normal_key_36,887.3744011588551,2026-03-28T16:24:42.623+08:00,standard
normal_key_36,972.3292313522848,2026-03-28T16:24:42.623+08:00,standard
normal_key_37,805.0501431075043,2026-03-28T16:24:42.623+08:00,standard
normal_key_37,626.6748271879724,2026-03-28T16:24:42.623+08:00,standard
normal_key_37,790.6015553222045,2026-03-28T16:24:42.623+08:00,standard
normal_key_37,14.092302115577624,2026-03-28T16:24:42.623+08:00,standard
normal_key_37,386.6230259170641,2026-03-28T16:24:42.623+08:00,standard
normal_key_37,463.76641142235,2026-03-28T16:24:42.623+08:00,standard
normal_key_37,995.1098154482926,2026-03-28T16:24:42.623+08:00,standard
normal_key_37,460.4525853563427,2026-03-28T16:24:42.623+08:00,standard
normal_key_37,831.6390403822534,2026-03-28T16:24:42.623+08:00,standard
normal_key_37,581.273886204744,2026-03-28T16:24:42.623+08:00,standard
normal_key_37,314.7311057623211,2026-03-28T16:24:42.623+08:00,standard
normal_key_37,381.9748015267975,2026-03-28T16:24:42.623+08:00,standard
normal_key_37,321.1321345387211,2026-03-28T16:24:42.623+08:00,standard
normal_key_37,998.5607981355294,2026-03-28T16:24:42.623+08:00,standard
normal_key_37,910.823100118697,2026-03-28T16:24:42.623+08:00,standard
normal_key_37,146.35599897991185,2026-03-28T16:24:42.623+08:00,standard
normal_key_37,79.50678667832292,2026-03-28T16:24:42.623+08:00,standard
normal_key_37,320.7938247784633,2026-03-28T16:24:42.623+08:00,standard
normal_key_37,430.3993523424435,2026-03-28T16:24:42.623+08:00,standard
normal_key_37,163.6510960149703,2026-03-28T16:24:42.623+08:00,standard
normal_key_38,510.0171510960864,2026-03-28T16:24:42.623+08:00,standard
normal_key_38,665.3761841197212,2026-03-28T16:24:42.623+08:00,standard
normal_key_38,835.6090719600307,2026-03-28T16:24:42.623+08:00,standard
normal_key_38,659.470717827549,2026-03-28T16:24:42.623+08:00,standard
normal_key_38,740.3021388054701,2026-03-28T16:24:42.623+08:00,standard
normal_key_38,910.7846422352172,2026-03-28T16:24:42.623+08:00,standard
normal_key_38,808.1347688329196,2026-03-28T16:24:42.623+08:00,standard
normal_key_38,450.1827689224349,2026-03-28T16:24:42.623+08:00,standard
normal_key_38,75.73556037372887,2026-03-28T16:24:42.623+08:00,standard
normal_key_38,485.6290360700043,2026-03-28T16:24:42.623+08:00,standard
normal_key_38,314.95028675871265,2026-03-28T16:24:42.623+08:00,standard
normal_key_38,597.8631275808862,2026-03-28T16:24:42.623+08:00,standard
normal_key_38,823.8700536017647,2026-03-28T16:24:42.623+08:00,standard
normal_key_38,177.99479594048415,2026-03-28T16:24:42.623+08:00,standard
normal_key_38,876.1493888305095,2026-03-28T16:24:42.623+08:00,standard
normal_key_38,230.8898073628077,2026-03-28T16:24:42.623+08:00,standard
normal_key_38,918.1027684733064,2026-03-28T16:24:42.623+08:00,standard
normal_key_38,116.21175957342179,2026-03-28T16:24:42.623+08:00,standard
normal_key_38,560.7502987801431,2026-03-28T16:24:42.623+08:00,standard
normal_key_38,145.01122343830707,2026-03-28T16:24:42.623+08:00,standard
normal_key_39,692.9550274507396,2026-03-28T16:24:42.623+08:00,standard
normal_key_39,34.83274810283329,2026-03-28T16:24:42.623+08:00,standard
normal_key_39,461.93750202353453,2026-03-28T16:24:42.623+08:00,standard
normal_key_39,363.5066392841612,2026-03-28T16:24:42.623+08:00,standard
normal_key_39,871.8116773873581,2026-03-28T16:24:42.623+08:00,standard
normal_key_39,130.3014179339715,2026-03-28T16:24:42.623+08:00,standard
normal_key_39,925.5735247742357,2026-03-28T16:24:42.623+08:00,standard
normal_key_39,159.83145489116646,2026-03-28T16:24:42.623+08:00,standard
normal_key_39,775.0774143341937,2026-03-28T16:24:42.623+08:00,standard
normal_key_39,431.0349267674526,2026-03-28T16:24:42.623+08:00,standard
normal_key_39,905.7465600708477,2026-03-28T16:24:42.623+08:00,standard
normal_key_39,509.34055569739286,2026-03-28T16:24:42.623+08:00,standard
normal_key_39,666.7655071437854,2026-03-28T16:24:42.623+08:00,standard
normal_key_39,545.5724569001981,2026-03-28T16:24:42.623+08:00,standard
normal_key_39,463.8663502389201,2026-03-28T16:24:42.623+08:00,standard
normal_key_39,328.69628846742955,2026-03-28T16:24:42.623+08:00,standard
normal_key_39,112.02813139260554,2026-03-28T16:24:42.623+08:00,standard
normal_key_39,980.785093607129,2026-03-28T16:24:42.623+08:00,standard
normal_key_39,272.5937893751395,2026-03-28T16:24:42.623+08:00,standard
normal_key_39,268.25213178044294,2026-03-28T16:24:42.623+08:00,standard
normal_key_40,305.618545096657,2026-03-28T16:24:42.623+08:00,standard
normal_key_40,273.75291073737253,2026-03-28T16:24:42.623+08:00,standard
normal_key_40,376.1029369105752,2026-03-28T16:24:42.623+08:00,standard
normal_key_40,30.46352171779394,2026-03-28T16:24:42.623+08:00,standard
normal_key_40,944.6741902637253,2026-03-28T16:24:42.623+08:00,standard
normal_key_40,900.6010922768656,2026-03-28T16:24:42.623+08:00,standard
normal_key_40,18.790161468706646,2026-03-28T16:24:42.623+08:00,standard
normal_key_40,47.236893430058224,2026-03-28T16:24:42.623+08:00,standard
normal_key_40,307.5736775575898,2026-03-28T16:24:42.623+08:00,standard
normal_key_40,974.8533561615417,2026-03-28T16:24:42.623+08:00,standard
normal_key_40,988.2219300831815,2026-03-28T16:24:42.623+08:00,standard
normal_key_40,730.303212440776,2026-03-28T16:24:42.623+08:00,standard
normal_key_40,834.6909044657184,2026-03-28T16:24:42.623+08:00,standard
normal_key_40,510.15676969603084,2026-03-28T16:24:42.623+08:00,standard
normal_key_40,243.97313883499496,2026-03-28T16:24:42.623+08:00,standard
normal_key_40,975.0532525559728,2026-03-28T16:24:42.623+08:00,standard
normal_key_40,764.7955098708208,2026-03-28T16:24:42.623+08:00,standard
normal_key_40,560.9126732826147,2026-03-28T16:24:42.623+08:00,standard
normal_key_40,545.3133930927034,2026-03-28T16:24:42.623+08:00,standard
normal_key_40,433.4156588360153,2026-03-28T16:24:42.623+08:00,standard
normal_key_41,701.0393413948995,2026-03-28T16:24:42.623+08:00,standard
normal_key_41,71.58469256597937,2026-03-28T16:24:42.623+08:00,standard
normal_key_41,865.7102349417489,2026-03-28T16:24:42.623+08:00,standard
normal_key_41,205.78735860763092,2026-03-28T16:24:42.623+08:00,standard
normal_key_41,879.240496360202,2026-03-28T16:24:42.623+08:00,standard
normal_key_41,628.3264400413667,2026-03-28T16:24:42.623+08:00,standard
normal_key_41,850.8346361500024,2026-03-28T16:24:42.623+08:00,standard
normal_key_41,340.27016236981655,2026-03-28T16:24:42.623+08:00,standard
normal_key_41,160.82228621503347,2026-03-28T16:24:42.623+08:00,standard
normal_key_41,786.1109723602858,2026-03-28T16:24:42.623+08:00,standard
normal_key_41,50.98444382072996,2026-03-28T16:24:42.623+08:00,standard
normal_key_41,611.7792473920964,2026-03-28T16:24:42.623+08:00,standard
normal_key_41,304.70393007284554,2026-03-28T16:24:42.623+08:00,standard
normal_key_41,10.094688023593934,2026-03-28T16:24:42.623+08:00,standard
normal_key_41,300.5195865570533,2026-03-28T16:24:42.623+08:00,standard
normal_key_41,713.2301834269517,2026-03-28T16:24:42.623+08:00,standard
normal_key_41,88.91656999289117,2026-03-28T16:24:42.623+08:00,standard
normal_key_41,432.37739746423915,2026-03-28T16:24:42.623+08:00,standard
normal_key_41,312.1791974797375,2026-03-28T16:24:42.623+08:00,standard
normal_key_41,789.1384302075645,2026-03-28T16:24:42.623+08:00,standard
normal_key_42,785.5013282550664,2026-03-28T16:24:42.623+08:00,standard
normal_key_42,430.43309116681496,2026-03-28T16:24:42.623+08:00,standard
normal_key_42,539.1969188077029,2026-03-28T16:24:42.623+08:00,standard
normal_key_42,322.4325428418727,2026-03-28T16:24:42.623+08:00,standard
normal_key_42,45.19010507184163,2026-03-28T16:24:42.623+08:00,standard
normal_key_42,515.7572522218138,2026-03-28T16:24:42.623+08:00,standard
normal_key_42,254.10669675350334,2026-03-28T16:24:42.623+08:00,standard
normal_key_42,755.0606626654027,2026-03-28T16:24:42.623+08:00,standard
normal_key_42,184.3101013504726,2026-03-28T16:24:42.623+08:00,standard
normal_key_42,37.7834793637992,2026-03-28T16:24:42.623+08:00,standard
normal_key_42,467.40153106052736,2026-03-28T16:24:42.623+08:00,standard
normal_key_42,454.37558891109416,2026-03-28T16:24:42.623+08:00,standard
normal_key_42,409.1012475703316,2026-03-28T16:24:42.623+08:00,standard
normal_key_42,223.30892215129228,2026-03-28T16:24:42.623+08:00,standard
normal_key_42,982.4790946465273,2026-03-28T16:24:42.623+08:00,standard
normal_key_42,251.6522682590951,2026-03-28T16:24:42.623+08:00,standard
normal_key_42,866.6893979283766,2026-03-28T16:24:42.623+08:00,standard
normal_key_42,71.78476537423666,2026-03-28T16:24:42.623+08:00,standard
normal_key_42,533.4506924595114,2026-03-28T16:24:42.623+08:00,standard
normal_key_42,997.9063175015378,2026-03-28T16:24:42.623+08:00,standard
normal_key_43,229.1790773237398,2026-03-28T16:24:42.623+08:00,standard
normal_key_43,933.0825895857125,2026-03-28T16:24:42.623+08:00,standard
normal_key_43,59.97912965051187,2026-03-28T16:24:42.623+08:00,standard
normal_key_43,895.8966030677486,2026-03-28T16:24:42.623+08:00,standard
normal_key_43,851.1031909966198,2026-03-28T16:24:42.623+08:00,standard
normal_key_43,332.3205590703641,2026-03-28T16:24:42.623+08:00,standard
normal_key_43,27.73886519300198,2026-03-28T16:24:42.623+08:00,standard
normal_key_43,483.94764120938027,2026-03-28T16:24:42.623+08:00,standard
normal_key_43,489.3946100657244,2026-03-28T16:24:42.623+08:00,standard
normal_key_43,703.0542160639038,2026-03-28T16:24:42.623+08:00,standard
normal_key_43,63.616878393893835,2026-03-28T16:24:42.623+08:00,standard
normal_key_43,227.06168672421254,2026-03-28T16:24:42.623+08:00,standard
normal_key_43,491.69259376301034,2026-03-28T16:24:42.623+08:00,standard
normal_key_43,826.7083498241728,2026-03-28T16:24:42.623+08:00,standard
normal_key_43,201.96644083825808,2026-03-28T16:24:42.623+08:00,standard
normal_key_43,293.9287180468475,2026-03-28T16:24:42.623+08:00,standard
normal_key_43,550.9266937306334,2026-03-28T16:24:42.623+08:00,standard
normal_key_43,196.57919170699822,2026-03-28T16:24:42.623+08:00,standard
normal_key_43,319.08646748587046,2026-03-28T16:24:42.623+08:00,standard
normal_key_43,834.9062938354344,2026-03-28T16:24:42.623+08:00,standard
normal_key_44,229.77295096363238,2026-03-28T16:24:42.623+08:00,standard
normal_key_44,126.28998988976916,2026-03-28T16:24:42.623+08:00,standard
normal_key_44,138.5888802413958,2026-03-28T16:24:42.623+08:00,standard
normal_key_44,498.65333888287313,2026-03-28T16:24:42.623+08:00,standard
normal_key_44,280.69582875139974,2026-03-28T16:24:42.623+08:00,standard
normal_key_44,67.28587927150585,2026-03-28T16:24:42.623+08:00,standard
normal_key_44,425.2649812682017,2026-03-28T16:24:42.623+08:00,standard
normal_key_44,263.7899400414866,2026-03-28T16:24:42.623+08:00,standard
normal_key_44,691.2587740476371,2026-03-28T16:24:42.623+08:00,standard
normal_key_44,460.4571581798804,2026-03-28T16:24:42.623+08:00,standard
normal_key_44,855.0170978941887,2026-03-28T16:24:42.623+08:00,standard
normal_key_44,152.2484073449642,2026-03-28T16:24:42.623+08:00,standard
normal_key_44,843.5337810211042,2026-03-28T16:24:42.623+08:00,standard
normal_key_44,421.12036811659544,2026-03-28T16:24:42.623+08:00,standard
normal_key_44,809.4626860614156,2026-03-28T16:24:42.623+08:00,standard
normal_key_44,242.8427467658808,2026-03-28T16:24:42.623+08:00,standard
normal_key_44,930.5834786549559,2026-03-28T16:24:42.623+08:00,standard
normal_key_44,839.0951546709927,2026-03-28T16:24:42.623+08:00,standard
normal_key_44,771.9800351453357,2026-03-28T16:24:42.623+08:00,standard
normal_key_44,564.0657911750191,2026-03-28T16:24:42.623+08:00,standard
normal_key_45,792.4689402986456,2026-03-28T16:24:42.623+08:00,standard
normal_key_45,145.20026467291237,2026-03-28T16:24:42.623+08:00,standard
normal_key_45,968.1711011686642,2026-03-28T16:24:42.623+08:00,standard
normal_key_45,706.5916717720143,2026-03-28T16:24:42.623+08:00,standard
normal_key_45,362.7542513044741,2026-03-28T16:24:42.623+08:00,standard
normal_key_45,556.2071941344948,2026-03-28T16:24:42.623+08:00,standard
normal_key_45,909.7321838036297,2026-03-28T16:24:42.623+08:00,standard
normal_key_45,55.27120514130431,2026-03-28T16:24:42.623+08:00,standard
normal_key_45,47.74066126912145,2026-03-28T16:24:42.623+08:00,standard
normal_key_45,212.71504971038115,2026-03-28T16:24:42.623+08:00,standard
normal_key_45,794.80212430854,2026-03-28T16:24:42.623+08:00,standard
normal_key_45,413.82894315824217,2026-03-28T16:24:42.623+08:00,standard
normal_key_45,877.1649620254794,2026-03-28T16:24:42.623+08:00,standard
normal_key_45,759.4689468844011,2026-03-28T16:24:42.623+08:00,standard
normal_key_45,391.18881028255714,2026-03-28T16:24:42.623+08:00,standard
normal_key_45,414.9885942115818,2026-03-28T16:24:42.623+08:00,standard
normal_key_45,724.5452077358195,2026-03-28T16:24:42.623+08:00,standard
normal_key_45,672.9952953419961,2026-03-28T16:24:42.623+08:00,standard
normal_key_45,929.6137530145533,2026-03-28T16:24:42.623+08:00,standard
normal_key_45,382.24873783845175,2026-03-28T16:24:42.623+08:00,standard
normal_key_46,772.6816163759878,2026-03-28T16:24:42.623+08:00,standard
normal_key_46,206.27185073221733,2026-03-28T16:24:42.623+08:00,standard
normal_key_46,380.7082510998452,2026-03-28T16:24:42.623+08:00,standard
normal_key_46,820.297432621973,2026-03-28T16:24:42.623+08:00,standard
normal_key_46,474.67377649095016,2026-03-28T16:24:42.623+08:00,standard
normal_key_46,28.090588676533034,2026-03-28T16:24:42.623+08:00,standard
normal_key_46,861.2167006464267,2026-03-28T16:24:42.623+08:00,standard
normal_key_46,746.7269706559717,2026-03-28T16:24:42.623+08:00,standard
normal_key_46,66.07310204729416,2026-03-28T16:24:42.623+08:00,standard
normal_key_46,591.7526839527804,2026-03-28T16:24:42.623+08:00,standard
normal_key_46,760.2284993575133,2026-03-28T16:24:42.623+08:00,standard
normal_key_46,397.87145255086944,2026-03-28T16:24:42.623+08:00,standard
normal_key_46,442.8462489913425,2026-03-28T16:24:42.623+08:00,standard
normal_key_46,83.03760523640122,2026-03-28T16:24:42.623+08:00,standard
normal_key_46,726.0697606677496,2026-03-28T16:24:42.623+08:00,standard
normal_key_46,692.6811955972121,2026-03-28T16:24:42.623+08:00,standard
normal_key_46,176.95338118262953,2026-03-28T16:24:42.623+08:00,standard
normal_key_46,291.3251454088428,2026-03-28T16:24:42.623+08:00,standard
normal_key_46,987.4377421482645,2026-03-28T16:24:42.623+08:00,standard
normal_key_46,669.7025405665839,2026-03-28T16:24:42.623+08:00,standard
normal_key_47,607.9069286323496,2026-03-28T16:24:42.623+08:00,standard
normal_key_47,301.35992442186387,2026-03-28T16:24:42.623+08:00,standard
normal_key_47,330.49118409461823,2026-03-28T16:24:42.623+08:00,standard
normal_key_47,40.85973744964397,2026-03-28T16:24:42.623+08:00,standard
normal_key_47,547.6810012432571,2026-03-28T16:24:42.623+08:00,standard
normal_key_47,600.7179397748896,2026-03-28T16:24:42.623+08:00,standard
normal_key_47,124.91610922944254,2026-03-28T16:24:42.623+08:00,standard
normal_key_47,274.1325140372376,2026-03-28T16:24:42.623+08:00,standard
normal_key_47,667.0819312900393,2026-03-28T16:24:42.623+08:00,standard
normal_key_47,480.98651238560404,2026-03-28T16:24:42.623+08:00,standard
normal_key_47,178.65091218031577,2026-03-28T16:24:42.623+08:00,standard
normal_key_47,449.28130460023954,2026-03-28T16:24:42.623+08:00,standard
normal_key_47,446.2899450414709,2026-03-28T16:24:42.623+08:00,standard
normal_key_47,131.13381484174533,2026-03-28T16:24:42.623+08:00,standard
normal_key_47,451.66869731067226,2026-03-28T16:24:42.623+08:00,standard
normal_key_47,720.2098600565593,2026-03-28T16:24:42.623+08:00,standard
normal_key_47,400.2256879967131,2026-03-28T16:24:42.623+08:00,standard
normal_key_47,995.2501432529887,2026-03-28T16:24:42.623+08:00,standard
normal_key_47,367.55370969045055,2026-03-28T16:24:42.623+08:00,standard
normal_key_47,436.3693127011699,2026-03-28T16:24:42.623+08:00,standard
normal_key_48,641.6936741194069,2026-03-28T16:24:42.623+08:00,standard
normal_key_48,579.3572589217049,2026-03-28T16:24:42.623+08:00,standard
normal_key_48,616.2843064774847,2026-03-28T16:24:42.623+08:00,standard
normal_key_48,963.1010254938076,2026-03-28T16:24:42.623+08:00,standard
normal_key_48,480.6536244362891,2026-03-28T16:24:42.623+08:00,standard
normal_key_48,267.72336616340954,2026-03-28T16:24:42.623+08:00,standard
normal_key_48,125.95148297317162,2026-03-28T16:24:42.623+08:00,standard
normal_key_48,333.7467539414016,2026-03-28T16:24:42.623+08:00,standard
normal_key_48,31.80521410586537,2026-03-28T16:24:42.623+08:00,standard
normal_key_48,365.77039863442576,2026-03-28T16:24:42.623+08:00,standard
normal_key_48,190.00372810814147,2026-03-28T16:24:42.623+08:00,standard
normal_key_48,577.9993013608461,2026-03-28T16:24:42.623+08:00,standard
normal_key_48,260.0188560210412,2026-03-28T16:24:42.623+08:00,standard
normal_key_48,419.15309908172173,2026-03-28T16:24:42.623+08:00,standard
normal_key_48,474.98007037130185,2026-03-28T16:24:42.623+08:00,standard
normal_key_48,521.5358904927485,2026-03-28T16:24:42.623+08:00,standard
normal_key_48,278.8183470224605,2026-03-28T16:24:42.623+08:00,standard
normal_key_48,35.78461196625422,2026-03-28T16:24:42.623+08:00,standard
normal_key_48,914.4038896916658,2026-03-28T16:24:42.623+08:00,standard
normal_key_48,547.1785093818855,2026-03-28T16:24:42.623+08:00,standard
normal_key_49,765.518623681219,2026-03-28T16:24:42.623+08:00,standard
normal_key_49,679.1697303373687,2026-03-28T16:24:42.623+08:00,standard
normal_key_49,293.64875737905567,2026-03-28T16:24:42.623+08:00,standard
normal_key_49,798.0322177496909,2026-03-28T16:24:42.623+08:00,standard
normal_key_49,722.2067521084391,2026-03-28T16:24:42.623+08:00,standard
normal_key_49,328.1248321088542,2026-03-28T16:24:42.623+08:00,standard
normal_key_49,519.1721858306448,2026-03-28T16:24:42.623+08:00,standard
normal_key_49,444.76779037502286,2026-03-28T16:24:42.623+08:00,standard
normal_key_49,742.7678358868695,2026-03-28T16:24:42.623+08:00,standard
normal_key_49,987.912845105121,2026-03-28T16:24:42.623+08:00,standard
normal_key_49,939.4181570131108,2026-03-28T16:24:42.623+08:00,standard
