key,customer_name,city,credit_limit
normal_key_747,普通客户747,上海,84700
normal_key_748,普通客户748,上海,84800
normal_key_749,普通客户749,上海,84900
normal_key_750,普通客户750,上海,85000
normal_key_751,普通客户751,上海,85100
normal_key_752,普通客户752,上海,85200
normal_key_753,普通客户753,上海,85300
normal_key_754,普通客户754,上海,85400
normal_key_755,普通客户755,上海,85500
normal_key_756,普通客户756,上海,85600
normal_key_757,普通客户757,上海,85700
normal_key_758,普通客户758,上海,85800
normal_key_759,普通客户759,上海,85900
normal_key_760,普通客户760,上海,86000
normal_key_761,普通客户761,上海,86100
normal_key_762,普通客户762,上海,86200
normal_key_763,普通客户763,上海,86300
normal_key_764,普通客户764,上海,86400
normal_key_765,普通客户765,上海,86500
normal_key_766,普通客户766,上海,86600
normal_key_767,普通客户767,上海,86700
normal_key_768,普通客户768,上海,86800
normal_key_769,普通客户769,上海,86900
normal_key_770,普通客户770,上海,87000
normal_key_771,普通客户771,上海,87100
normal_key_772,普通客户772,上海,87200
normal_key_773,普通客户773,上海,87300
normal_key_774,普通客户774,上海,87400
normal_key_775,普通客户775,上海,87500
normal_key_776,普通客户776,上海,87600
normal_key_777,普通客户777,上海,87700
normal_key_778,普通客户778,上海,87800
normal_key_779,普通客户779,上海,87900
normal_key_780,普通客户780,上海,88000
normal_key_781,普通客户781,上海,88100
normal_key_782,普通客户782,上海,88200
normal_key_783,普通客户783,上海,88300
normal_key_784,普通客户784,上海,88400
normal_key_785,普通客户785,上海,88500
normal_key_786,普通客户786,上海,88600
normal_key_787,普通客户787,上海,88700
normal_key_788,普通客户788,上海,88800
normal_key_789,普通客户789,上海,88900
normal_key_790,普通客户790,上海,89000
normal_key_791,普通客户791,上海,89100
normal_key_792,普通客户792,上海,89200
normal_key_793,普通客户793,上海,89300
normal_key_794,普通客户794,上海,89400
normal_key_795,普通客户795,上海,89500
normal_key_796,普通客户796,上海,89600
normal_key_797,普通客户797,上海,89700
normal_key_798,普通客户798,上海,89800
normal_key_799,普通客户799,上海,89900
normal_key_800,普通客户800,上海,90000
normal_key_801,普通客户801,上海,90100
normal_key_802,普通客户802,上海,90200
normal_key_803,普通客户803,上海,90300
normal_key_804,普通客户804,上海,90400
normal_key_805,普通客户805,上海,90500
normal_key_806,普通客户806,上海,90600
normal_key_807,普通客户807,上海,90700
normal_key_808,普通客户808,上海,90800
normal_key_809,普通客户809,上海,90900
normal_key_810,普通客户810,上海,91000
normal_key_811,普通客户811,上海,91100
normal_key_812,普通客户812,上海,91200
normal_key_813,普通客户813,上海,91300
normal_key_814,普通客户814,上海,91400
normal_key_815,普通客户815,上海,91500
normal_key_816,普通客户816,上海,91600
normal_key_817,普通客户817,上海,91700
normal_key_818,普通客户818,上海,91800
normal_key_819,普通客户819,上海,91900
normal_key_820,普通客户820,上海,92000
normal_key_821,普通客户821,上海,92100
normal_key_822,普通客户822,上海,92200
normal_key_823,普通客户823,上海,92300
normal_key_824,普通客户824,上海,92400
normal_key_825,普通客户825,上海,92500
normal_key_826,普通客户826,上海,92600
normal_key_827,普通客户827,上海,92700
normal_key_828,普通客户828,上海,92800
normal_key_829,普通客户829,上海,92900
normal_key_830,普通客户830,上海,93000
normal_key_831,普通客户831,上海,93100
normal_key_832,普通客户832,上海,93200
normal_key_833,普通客户833,上海,93300
normal_key_834,普通客户834,上海,93400
normal_key_835,普通客户835,上海,93500
normal_key_836,普通客户836,上海,93600
normal_key_837,普通客户837,上海,93700
normal_key_838,普通客户838,上海,93800
normal_key_839,普通客户839,上海,93900
normal_key_840,普通客户840,上海,94000
normal_key_841,普通客户841,上海,94100
normal_key_842,普通客户842,上海,94200
normal_key_843,普通客户843,上海,94300
normal_key_844,普通客户844,上海,94400
normal_key_845,普通客户845,上海,94500
normal_key_846,普通客户846,上海,94600
normal_key_847,普通客户847,上海,94700
normal_key_848,普通客户848,上海,94800
normal_key_849,普通客户849,上海,94900
normal_key_850,普通客户850,上海,95000
normal_key_851,普通客户851,上海,95100
normal_key_852,普通客户852,上海,95200
normal_key_853,普通客户853,上海,95300
normal_key_854,普通客户854,上海,95400
normal_key_855,普通客户855,上海,95500
normal_key_856,普通客户856,上海,95600
normal_key_857,普通客户857,上海,95700
normal_key_858,普通客户858,上海,95800
normal_key_859,普通客户859,上海,95900
normal_key_860,普通客户860,上海,96000
normal_key_861,普通客户861,上海,96100
normal_key_862,普通客户862,上海,96200
normal_key_863,普通客户863,上海,96300
normal_key_864,普通客户864,上海,96400
normal_key_865,普通客户865,上海,96500
normal_key_866,普通客户866,上海,96600
normal_key_867,普通客户867,上海,96700
normal_key_868,普通客户868,上海,96800
normal_key_869,普通客户869,上海,96900
normal_key_870,普通客户870,上海,97000
normal_key_871,普通客户871,上海,97100
normal_key_872,普通客户872,上海,97200
normal_key_873,普通客户873,上海,97300
normal_key_874,普通客户874,上海,97400
normal_key_875,普通客户875,上海,97500
normal_key_876,普通客户876,上海,97600
normal_key_877,普通客户877,上海,97700
normal_key_878,普通客户878,上海,97800
normal_key_879,普通客户879,上海,97900
normal_key_880,普通客户880,上海,98000
normal_key_881,普通客户881,上海,98100
normal_key_882,普通客户882,上海,98200
normal_key_883,普通客户883,上海,98300
normal_key_884,普通客户884,上海,98400
normal_key_885,普通客户885,上海,98500
normal_key_886,普通客户886,上海,98600
normal_key_887,普通客户887,上海,98700
normal_key_888,普通客户888,上海,98800
normal_key_889,普通客户889,上海,98900
normal_key_890,普通客户890,上海,99000
normal_key_891,普通客户891,上海,99100
normal_key_892,普通客户892,上海,99200
normal_key_893,普通客户893,上海,99300
normal_key_894,普通客户894,上海,99400
normal_key_895,普通客户895,上海,99500
normal_key_896,普通客户896,上海,99600
normal_key_897,普通客户897,上海,99700
normal_key_898,普通客户898,上海,99800
normal_key_899,普通客户899,上海,99900
normal_key_900,普通客户900,上海,100000
normal_key_901,普通客户901,上海,100100
normal_key_902,普通客户902,上海,100200
normal_key_903,普通客户903,上海,100300
normal_key_904,普通客户904,上海,100400
normal_key_905,普通客户905,上海,100500
normal_key_906,普通客户906,上海,100600
normal_key_907,普通客户907,上海,100700
normal_key_908,普通客户908,上海,100800
normal_key_909,普通客户909,上海,100900
normal_key_910,普通客户910,上海,101000
normal_key_911,普通客户911,上海,101100
normal_key_912,普通客户912,上海,101200
normal_key_913,普通客户913,上海,101300
normal_key_914,普通客户914,上海,101400
normal_key_915,普通客户915,上海,101500
normal_key_916,普通客户916,上海,101600
normal_key_917,普通客户917,上海,101700
normal_key_918,普通客户918,上海,101800
normal_key_919,普通客户919,上海,101900
normal_key_920,普通客户920,上海,102000
normal_key_921,普通客户921,上海,102100
normal_key_922,普通客户922,上海,102200
normal_key_923,普通客户923,上海,102300
normal_key_924,普通客户924,上海,102400
normal_key_925,普通客户925,上海,102500
normal_key_926,普通客户926,上海,102600
normal_key_927,普通客户927,上海,102700
normal_key_928,普通客户928,上海,102800
normal_key_929,普通客户929,上海,102900
normal_key_930,普通客户930,上海,103000
normal_key_931,普通客户931,上海,103100
normal_key_932,普通客户932,上海,103200
normal_key_933,普通客户933,上海,103300
normal_key_934,普通客户934,上海,103400
normal_key_935,普通客户935,上海,103500
normal_key_936,普通客户936,上海,103600
normal_key_937,普通客户937,上海,103700
normal_key_938,普通客户938,上海,103800
normal_key_939,普通客户939,上海,103900
normal_key_940,普通客户940,上海,104000
normal_key_941,普通客户941,上海,104100
normal_key_942,普通客户942,上海,104200
normal_key_943,普通客户943,上海,104300
normal_key_944,普通客户944,上海,104400
normal_key_945,普通客户945,上海,104500
normal_key_946,普通客户946,上海,104600
normal_key_947,普通客户947,上海,104700
normal_key_948,普通客户948,上海,104800
normal_key_949,普通客户949,上海,104900
normal_key_950,普通客户950,上海,105000
normal_key_951,普通客户951,上海,105100
normal_key_952,普通客户952,上海,105200
normal_key_953,普通客户953,上海,105300
normal_key_954,普通客户954,上海,105400
normal_key_955,普通客户955,上海,105500
normal_key_956,普通客户956,上海,105600
normal_key_957,普通客户957,上海,105700
normal_key_958,普通客户958,上海,105800
normal_key_959,普通客户959,上海,105900
normal_key_960,普通客户960,上海,106000
normal_key_961,普通客户961,上海,106100
normal_key_962,普通客户962,上海,106200
normal_key_963,普通客户963,上海,106300
normal_key_964,普通客户964,上海,106400
normal_key_965,普通客户965,上海,106500
normal_key_966,普通客户966,上海,106600
normal_key_967,普通客户967,上海,106700
normal_key_968,普通客户968,上海,106800
normal_key_969,普通客户969,上海,106900
normal_key_970,普通客户970,上海,107000
normal_key_971,普通客户971,上海,107100
normal_key_972,普通客户972,上海,107200
normal_key_973,普通客户973,上海,107300
normal_key_974,普通客户974,上海,107400
normal_key_975,普通客户975,上海,107500
normal_key_976,普通客户976,上海,107600
normal_key_977,普通客户977,上海,107700
normal_key_978,普通客户978,上海,107800
normal_key_979,普通客户979,上海,107900
normal_key_980,普通客户980,上海,108000
normal_key_981,普通客户981,上海,108100
normal_key_982,普通客户982,上海,108200
normal_key_983,普通客户983,上海,108300
normal_key_984,普通客户984,上海,108400
normal_key_985,普通客户985,上海,108500
normal_key_986,普通客户986,上海,108600
normal_key_987,普通客户987,上海,108700
normal_key_988,普通客户988,上海,108800
normal_key_989,普通客户989,上海,108900
normal_key_990,普通客户990,上海,109000
normal_key_991,普通客户991,上海,109100
normal_key_992,普通客户992,上海,109200
normal_key_993,普通客户993,上海,109300
normal_key_994,普通客户994,上海,109400
normal_key_995,普通客户995,上海,109500
normal_key_996,普通客户996,上海,109600
normal_key_997,普通客户997,上海,109700
normal_key_998,普通客户998,上海,109800
normal_key_999,普通客户999,上海,109900
